Workbook

Sheet M-1
A1: 46113
BC2: 1 | BD2: 4 | BE2: 2026
A3: M-1 | E3: Fresh Piece | AA3: Colour Mix Piece | AW3: Rejection Piece
A4: DATE | B4: SHIFT | C4: TOTAL PIECE | E4: Big Chair | F4: Big Maharaja | G4: XUV | H4: Chota Heritage | I4: Activa | J4: EV.Chair | K4: High Cross | L4: INNOVA | M4: Stool | N4: Baba Chair | O4: Baby Chair | P4: Fridge Stand | Q4: Jordan Chair | R4: Heritage | S4: J.New | T4: Fruit Crate | U4: ALess | V4: WEB CHAIR | W4: C.Table | X4: Table | Y4: Garden Table | Z4: Small Chair | AA4: Big Chair | AB4: Big Maharaja | AC4: XUV | AD4: Chota Heritage | AE4: Activa | AF4: EV.Chair | AG4: High Cross | AH4: INNOVA | AI4: Stool | AJ4: Baba Chair | AK4: Baby Chair | AL4: Fridge Stand | AM4: Jordan Chair | AN4: =R4 -> Heritage | AO4: J.New | AP4: =T4 -> Fruit Crate | AQ4: =U4 -> ALess | AR4: WEB CHAIR | AS4: C.Table | AT4: Table | AU4: Garden Table | AV4: Small Chair | AW4: Big / MJ/Heritage/XUV/Ev | AX4: Small Chair/Aless/CH | AY4: Fruit Crate/Stool/F.S | AZ4: Table/T.New | BA4: Net Fresh Piece | BB4: Net Usable Prod. | BC4: MODEL | BD4: COLOR | BE4: REMARKS
A5: 46116 | B5: Day | C5: =SUM(D5:D6) -> 180 | D5: =SUM(E5:AZ5) -> 180 | Q5: 156 | AX5: 24 | BA5: =SUM(E5:Z6) -> 156 | BB5: =SUM(E5:AV6) -> 156 | BC5: 9003 | BD5: G.B | BE5: N/A
B6: Night | D6: =SUM(E6:AZ6) -> 0
A7: 46121 | B7: Day | C7: =SUM(D7:D10) -> 272 | D7: =SUM(E7:AZ7) -> 272 | Q7: 252 | AM7: 3 | AX7: 17 | BA7: =SUM(E7:Z10) -> 252 | BB7: =SUM(E7:AV10) -> 255 | BC7: 9003 | BD7: G.B | BE7: N/A
B8: Night | D8: =SUM(E8:AZ8) -> 0
B9: Night | D9: =SUM(E9:AZ9) -> 0
B10: Night | D10: =SUM(E10:AZ10) -> 0
A11: 46122 | B11: Day | C11: =SUM(D11:D14) -> 703 | D11: =SUM(E11:AZ11) -> 227 | Q11: 216 | AX11: 11 | BA11: =SUM(E11:Z14) -> 680 | BB11: =SUM(E11:AV14) -> 687 | BC11: 9003 | BD11: G.B | BE11: N/A
B12: Night | D12: =SUM(E12:AZ12) -> 476 | W12: 464 | AS12: 7 | AZ12: 5 | BC12: C.T | BD12: A.G
B13: Night | D13: =SUM(E13:AZ13) -> 0
B14: Night | D14: =SUM(E14:AZ14) -> 0
A15: 46123 | B15: Day | C15: =SUM(D15:D18) -> 704 | D15: =SUM(E15:AZ15) -> 256 | W15: 256 | BA15: =SUM(E15:Z18) -> 688 | BB15: =SUM(E15:AV18) -> 695 | BC15: C.T | BD15: A.G, BROWN | BE15: N/A
B16: Night | D16: =SUM(E16:AZ16) -> 448 | W16: =368+64 -> 432 | AS16: =4+3 -> 7 | AZ16: 9
B17: Night | D17: =SUM(E17:AZ17) -> 0
B18: Night | D18: =SUM(E18:AZ18) -> 0
A19: 46124 | B19: Day | C19: =SUM(D19:D21) -> 788 | D19: =SUM(E19:AZ19) -> 322 | W19: 320 | AZ19: 2 | BA19: =SUM(E19:Z21) -> 768 | BB19: =SUM(E19:AV21) -> 768 | BC19: C.T | BD19: BROWN | BE19: N/A
B20: Night | D20: =SUM(E20:AZ20) -> 466 | W20: 448 | AZ20: 18
B21: Night | D21: =SUM(E21:AZ21) -> 0
A22: 46125 | B22: Day | C22: =SUM(D22:D24) -> 980 | D22: =SUM(E22:AZ22) -> 497 | W22: 496 | AZ22: 1 | BA22: =SUM(E22:Z24) -> 976 | BB22: =SUM(E22:AV24) -> 976 | BC22: C.T | BD22: BROWN | BE22: N/A
B23: Night | D23: =SUM(E23:AZ23) -> 483 | W23: 480 | AZ23: 3
B24: Night | D24: =SUM(E24:AZ24) -> 0
A25: 46126 | B25: Day | C25: =SUM(D25:D28) -> 747 | D25: =SUM(E25:AZ25) -> 64 | W25: 64 | BA25: =SUM(E25:Z28) -> 700 | BB25: =SUM(E25:AV28) -> 703 | BC25: C.T | BD25: BROWN | BE25: N/A
B26: Night | D26: =SUM(E26:AZ26) -> 193 | Y26: 156 | AU26: 3 | AZ26: 34 | BC26: G.T | BD26: BROWN
B27: Night | D27: =SUM(E27:AZ27) -> 490 | Y27: 480 | AZ27: 10
B28: Night | D28: =SUM(E28:AZ28) -> 0
A29: 46127 | B29: Day | C29: =SUM(D29:D32) -> 826 | D29: =SUM(E29:AZ29) -> 365 | Y29: =132+216 -> 348 | AU29: 17 | BA29: =SUM(E29:Z32) -> 804 | BB29: =SUM(E29:AV32) -> 826 | BC29: G.T | BD29: BROWN, A.G | BE29: N/A
B30: Night | D30: =SUM(E30:AZ30) -> 461 | Y30: 456 | AU30: 5
B31: Night | D31: =SUM(E31:AZ31) -> 0
B32: Night | D32: =SUM(E32:AZ32) -> 0
A33: 46128 | B33: Day | C33: =SUM(D33:D35) -> 84 | D33: =SUM(E33:AZ33) -> 84 | Y33: 84 | BA33: =SUM(E33:Z35) -> 84 | BB33: =SUM(E33:AV35) -> 84 | BC33: G.T | BD33: A.G | BE33: N/A
B34: Night | D34: =SUM(E34:AZ34) -> 0
B35: Night | D35: =SUM(E35:AZ35) -> 0
A36: 46129 | B36: Day | C36: =SUM(D36:D39) -> 74 | D36: =SUM(E36:AZ36) -> 74 | G36: 64 | AC36: 2 | AW36: 8 | BA36: =SUM(E36:Z39) -> 64 | BB36: =SUM(E36:AV39) -> 66 | BC36: 8002 | BD36: A.G | BE36: N/A
B37: Day | D37: =SUM(E37:AZ37) -> 0
B38: Night | D38: =SUM(E38:AZ38) -> 0
B39: Night | D39: =SUM(E39:AZ39) -> 0
A40: 46130 | B40: Day | C40: =SUM(D40:D43) -> 782 | D40: =SUM(E40:AZ40) -> 516 | G40: 496 | AC40: 3 | AW40: 17 | BA40: =SUM(E40:Z43) -> 736 | BB40: =SUM(E40:AV43) -> 745 | BC40: 8002 | BD40: A.G | BE40: N/A
B41: Night | D41: =SUM(E41:AZ41) -> 266 | G41: 240 | AC41: 6 | AW41: 20
B42: Night | D42: =SUM(E42:AZ42) -> 0
B43: Night | D43: =SUM(E43:AZ43) -> 0
A44: 46131 | B44: Day | C44: =SUM(D44:D46) -> 457 | D44: =SUM(E44:AZ44) -> 457 | G44: 432 | AC44: 8 | AW44: 17 | BA44: =SUM(E44:Z46) -> 432 | BB44: =SUM(E44:AV46) -> 440 | BC44: 8002 | BD44: A.G | BE44: N/A
B45: Day | D45: =SUM(E45:AZ45) -> 0
B46: Night | D46: =SUM(E46:AZ46) -> 0
A47: 46132 | B47: Day | C47: =SUM(D47:D50) -> 357 | D47: =SUM(E47:AZ47) -> 357 | G47: 336 | AC47: 2 | AW47: 19 | BA47: =SUM(E47:Z50) -> 336 | BB47: =SUM(E47:AV50) -> 338 | BC47: 8002 | BD47: A.G | BE47: N/A
B48: Night | D48: =SUM(E48:AZ48) -> 0
B49: Day | D49: =SUM(E49:AZ49) -> 0
B50: Night | D50: =SUM(E50:AZ50) -> 0
A51: 46133 | B51: Day | C51: =SUM(D51:D54) -> 836 | D51: =SUM(E51:AZ51) -> 415 | G51: =208+176 -> 384 | AC51: =2+4 -> 6 | AW51: 25 | BA51: =SUM(E51:Z54) -> 800 | BB51: =SUM(E51:Z54) -> 800 | BC51: 8002 | BD51: A.G , T.W | BE51: N/A
B52: Night | D52: =SUM(E52:AZ52) -> 421 | G52: 416 | AW52: 5
B53: Night | D53: =SUM(E53:AZ53) -> 0
B54: Night | D54: =SUM(E54:AZ54) -> 0
A55: 46134 | B55: Day | C55: =SUM(D55:D57) -> 642 | D55: =SUM(E55:AZ55) -> 51 | G55: 48 | AW55: 3 | BA55: =SUM(E55:Z57) -> 608 | BB55: =SUM(E55:AV57) -> 627 | BC55: 8002 | BD55: T.W | BE55: N/A
B56: Night | D56: =SUM(E56:AZ56) -> 310 | H56: 288 | AD56: 13 | AW56: 9 | BC56: 7003 | BD56: S.W
B57: Night | D57: =SUM(E57:AZ57) -> 281 | H57: 272 | AD57: 6 | AW57: 3
A58: 46135 | B58: Day | C58: =SUM(D58:D61) -> 916 | D58: =SUM(E58:AZ58) -> 332 | H58: 320 | AD58: 4 | AW58: 8 | BA58: =SUM(E58:Z61) -> 896 | BB58: =SUM(E58:AV61) -> 904 | BC58: 7003 | BD58: S.W | BE58: N/A
B59: Night | D59: =SUM(E59:AZ59) -> 584 | H59: =176+400 -> 576 | AD59: 4 | AW59: 4
B60: Night | D60: =SUM(E60:AZ60) -> 0
B61: Night | D61: =SUM(E61:AZ61) -> 0
A62: 46136 | B62: Day | C62: =SUM(D62:D64) -> 1233 | D62: =SUM(E62:AZ62) -> 642 | H62: 640 | AW62: 2 | BA62: =SUM(E62:Z64) -> 1216 | BB62: =SUM(E62:AV64) -> 1223 | BC62: 7003 | BD62: R.W | BE62: N/A
B63: Night | D63: =SUM(E63:AZ63) -> 591 | H63: =96+480 -> 576 | AD63: 7 | AW63: 8
B64: Night | D64: =SUM(E64:AZ64) -> 0
A65: 46137 | B65: Day | C65: =SUM(D65:D68) -> 428 | D65: =SUM(E65:AZ65) -> 66 | H65: 64 | AW65: 2 | BA65: =SUM(E65:Z68) -> 424 | BB65: =SUM(E65:AV68) -> 424 | BC65: 7003 | BD65: S.W | BE65: N/A
B66: Day | D66: =SUM(E66:AZ66) -> 362 | Z66: 360 | AX66: 2 | BC66: 401 | BD66: S.B
B67: Night | D67: =SUM(E67:AZ67) -> 0
B68: Night | D68: =SUM(E68:AZ68) -> 0
A69: 46138 | B69: Day | C69: =SUM(D69:D71) -> 506 | D69: =SUM(E69:AZ69) -> 506 | Z69: 500 | AX69: 6 | BA69: =SUM(E69:Z71) -> 500 | BB69: =SUM(E69:AV71) -> 500 | BC69: 403 | BD69: S.B | BE69: N/A
B70: Day | D70: =SUM(E70:AZ70) -> 0
B71: Night | D71: =SUM(E71:AZ71) -> 0
A72: 46139 | B72: Day | C72: =SUM(D72:D74) -> 591 | D72: =SUM(E72:AZ72) -> 591 | Z72: =160+420 -> 580 | AV72: 9 | AX72: 2 | BA72: =SUM(E72:Z74) -> 580 | BB72: =SUM(E72:AV74) -> 589 | BC72: 403 | BD72: S.B , R.W | BE72: N/A
B73: Night | D73: =SUM(E73:AZ73) -> 0
B74: Night | D74: =SUM(E74:AZ74) -> 0
A75: 46140 | B75: Day | C75: =SUM(D75:D77) -> 424 | D75: =SUM(E75:AZ75) -> 424 | Z75: 420 | AX75: 4 | BA75: =SUM(E75:Z77) -> 420 | BB75: =SUM(E75:AV77) -> 420 | BC75: 403 | BD75: R.W | BE75: N/A
B76: Night | D76: =SUM(E76:AZ76) -> 0
B77: Night | D77: =SUM(E77:AZ77) -> 0
A78: 46141 | B78: Day | C78: =SUM(D78:D81) -> 462 | D78: =SUM(E78:AZ78) -> 462 | Z78: 460 | AX78: 2 | BA78: =SUM(E78:Z81) -> 460 | BB78: =SUM(E78:AV81) -> 460 | BC78: 403 | BD78: R.W | BE78: N/A
B79: Day | D79: =SUM(E79:AZ79) -> 0
B80: Night | D80: =SUM(E80:AZ80) -> 0
B81: Night | D81: =SUM(E81:AZ81) -> 0
A82: 46142 | B82: Day | C82: =SUM(D82:D85) -> 0 | D82: =SUM(E82:AZ82) -> 0 | BA82: =SUM(E82:Z85) -> 0 | BB82: =SUM(E82:AV85) -> 0 | BE82: N/A
B83: Night | D83: =SUM(E83:AZ83) -> 0
B84: Night | D84: =SUM(E84:AZ84) -> 0
B85: Night | D85: =SUM(E85:AZ85) -> 0
B86: Day | C86: =SUM(D86:D88) -> 0 | D86: =SUM(E86:AZ86) -> 0 | BA86: =SUM(E86:Z88) -> 0 | BB86: =SUM(E86:AV88) -> 0 | BE86: N/A
B87: Night | D87: =SUM(E87:AZ87) -> 0
B88: Night | D88: =SUM(E88:AZ88) -> 0
B89: Day | C89: =SUM(D89:D92) -> 0 | D89: =SUM(E89:AZ89) -> 0 | BA89: =SUM(E89:Z92) -> 0 | BB89: =SUM(E89:AV92) -> 0 | BE89: N/A
B90: Night | D90: =SUM(E90:AZ90) -> 0
B91: Night | D91: =SUM(E91:AZ91) -> 0
B92: Night | D92: =SUM(E92:AZ92) -> 0
B93: Day | C93: =SUM(D93:D96) -> 0 | D93: =SUM(E93:AZ93) -> 0 | BA93: =SUM(E93:Z96) -> 0 | BB93: =SUM(E93:AV96) -> 0 | BE93: N/A
B94: Night | D94: =SUM(E94:AZ94) -> 0
B95: Night | D95: =SUM(E95:AZ95) -> 0
B96: Night | D96: =SUM(E96:AZ96) -> 0
B97: Day | C97: =SUM(D97:D99) -> 0 | D97: =SUM(E97:AZ97) -> 0 | BA97: =SUM(E97:Z99) -> 0 | BB97: =SUM(E97:AV99) -> 0 | BE97: N/A
B98: Night | D98: =SUM(E98:AZ98) -> 0
B99: Night | D99: =SUM(E99:AZ99) -> 0
B100: Day | C100: =SUM(D100:D102) -> 0 | D100: =SUM(E100:AZ100) -> 0 | BA100: =SUM(E100:Z102) -> 0 | BB100: =SUM(E100:AV102) -> 0
...

Sheet M-2
A1: 46113
AY2: 1 | AZ2: 4 | BA2: 2025
A3: M-2 | E3: Fresh Piece | Y3: Colour Mix Piece | AS3: Rejection Piece
A4: DATE | B4: SHIFT | C4: TOTAL PIECE | E4: Big Chair | F4: Big Maharaja | G4: XUV | H4: Chota Heritage | I4: Innova | J4: Stool | K4: EV | L4: Fridge Stand | M4: Jordan Chair | N4: Heritage | O4: Activa | P4: J.New | Q4: Fruit Crate | R4: ALess | S4: D.Table | T4: D.Leg.Can. | U4: Small Chair | V4: C.Table | W4: Table | X4: Garden Table | Y4: Big Chair | Z4: Big Maharaja | AA4: XUV | AB4: Chota Heritage | AC4: Innova | AD4: Stool | AE4: EV | AF4: Fridge Stand | AG4: Jordan Chair | AH4: Heritage | AI4: J.New | AJ4: Activa | AK4: Fruit Crate | AL4: Aless | AM4: D.Table | AN4: D.Leg.Can. | AO4: Small Chair | AP4: C.Table | AQ4: Table | AR4: Garden Table | AS4: Big Chair/Mj/Heritage/Act | AT4: Small Chair/Aless/CH | AU4: Fruit Crate | AV4: Table/T.New | AW4: Net Fresh Piece | AX4: Net Usable Prod. | AY4: MODEL | AZ4: COLOR | BA4: REMARKS
A5: 46116 | B5: Day | C5: =SUM(D5:D7) -> 797 | D5: =SUM(E5:AV5) -> 309 | U5: 300 | AO5: 2 | AT5: 7 | AW5: =SUM(E5:X7) -> 780 | AX5: =SUM(E5:AR7) -> 786 | AY5: 402 | AZ5: A.G | BA5: N/A
B6: Night | D6: =SUM(E6:AV6) -> 488 | U6: 480 | AO6: 4 | AT6: 4
B7: Night | D7: =SUM(E7:AV7) -> 0
A8: 46117 | B8: Day | C8: =SUM(D8:D11) -> 1071 | D8: =SUM(E8:AV8) -> 490 | U8: 480 | AO8: 5 | AT8: 5 | AW8: =SUM(E8:X11) -> 1040 | AX8: =SUM(E8:AR11) -> 1050 | AY8: 402 | AZ8: A.G | BA8: N/A
B9: Night | D9: =SUM(E9:AV9) -> 581 | U9: 560 | AO9: 5 | AT9: 16
B10: Night | D10: =SUM(E10:AV10) -> 0
B11: Night | D11: =SUM(E11:AV11) -> 0
A12: 46118 | B12: Day | C12: =SUM(D12:D14) -> 1025 | D12: =SUM(E12:AV12) -> 473 | U12: =320+120 -> 440 | AO12: =3+10 -> 13 | AT12: =13+7 -> 20 | AW12: =SUM(E12:X14) -> 960 | AX12: =SUM(E12:AR14) -> 973 | AY12: 402 | AZ12: A.G , BROWN | BA12: N/A
B13: Night | D13: =SUM(E13:AV13) -> 552 | U13: 520 | AT13: 32
B14: Night | D14: =SUM(E14:AV14) -> 0
A15: 46119 | B15: Day | C15: =SUM(D15:D19) -> 1153 | D15: =SUM(E15:AV15) -> 549 | U15: 540 | AT15: 9 | AW15: =SUM(E15:X19) -> 1120 | AX15: =SUM(E15:AR19) -> 1120 | AY15: 402 | AZ15: BROWN | BA15: N/A
B16: Night | D16: =SUM(E16:AV16) -> 604 | U16: 580 | AT16: 24
B17: Day | D17: =SUM(E17:AV17) -> 0
B18: Night | D18: =SUM(E18:AV18) -> 0
B19: Night | D19: =SUM(E19:AV19) -> 0
A20: 46120 | B20: Day | C20: =SUM(D20:D22) -> 963 | D20: =SUM(E20:AV20) -> 485 | U20: 460 | AT20: 25 | AW20: =SUM(E20:X22) -> 900 | AX20: =SUM(E20:AR22) -> 900 | AY20: 402 | AZ20: BROWN | BA20: N/A
B21: Night | D21: =SUM(E21:AV21) -> 478 | U21: 440 | AT21: 38
B22: Night | D22: =SUM(E22:AV22) -> 0
A23: 46125 | B23: Day | C23: =SUM(D23:D25) -> 622 | D23: =SUM(E23:AV23) -> 622 | U23: 580 | AO23: 12 | AT23: 30 | AW23: =SUM(E23:X25) -> 580 | AX23: =SUM(E23:AR25) -> 592 | AY23: 402 | AZ23: A.G | BA23: N/A
B24: Night | D24: =SUM(E24:AV24) -> 0
B25: Night | D25: =SUM(E25:AV25) -> 0
A26: 46126 | B26: Day | C26: =SUM(D26:D29) -> 631 | D26: =SUM(E26:AV26) -> 198 | U26: 180 | AT26: 18 | AW26: =SUM(E26:X29) -> 596 | AX26: =SUM(E26:AR29) -> 596 | AY26: 402 | AZ26: A.G
B27: Night | D27: =SUM(E27:AV27) -> 433 | E27: 416 | AS27: 17 | AY27: 10001 | AZ27: OK
B28: Night | D28: =SUM(E28:AV28) -> 0
B29: Night | D29: =SUM(E29:AV29) -> 0
A30: 46127 | B30: Day | C30: =SUM(D30:D33) -> 809 | D30: =SUM(E30:AV30) -> 336 | E30: 320 | AS30: 16 | AW30: =SUM(E30:X33) -> 768 | AX30: =SUM(E30:AR33) -> 768 | AY30: 10001 | AZ30: OK | BA30: N/A
B31: Night | D31: =SUM(E31:AV31) -> 473 | E31: 448 | AS31: 25
B32: Night | D32: =SUM(E32:AV32) -> 0
B33: Night | D33: =SUM(E33:AV33) -> 0
A34: 46128 | B34: Day | C34: =SUM(D34:D35) -> 921 | D34: =SUM(E34:AV34) -> 539 | E34: 528 | AS34: 11 | AW34: =SUM(E34:X37) -> 880 | AX34: =SUM(E34:AR37) -> 880 | AY34: 10001 | AZ34: OK | BA34: N/A
B35: Night | D35: =SUM(E35:AV35) -> 382 | E35: 352 | AS35: 30
B36: Night | D36: =SUM(E36:AV36) -> 0
B37: Night | D37: =SUM(E37:AV37) -> 0
A38: 46129 | B38: Day | C38: =SUM(D38:D42) -> 943 | D38: =SUM(E38:AV38) -> 563 | E38: 560 | AS38: 3 | AW38: =SUM(E38:X42) -> 928 | AX38: =SUM(E38:AR42) -> 928 | AY38: 10001 | AZ38: OK | BA38: N/A
B39: Night | D39: =SUM(E39:AV39) -> 380 | E39: 368 | AS39: 12
B40: Night | D40: =SUM(E40:AV40) -> 0
B41: Night | D41: =SUM(E41:AV41) -> 0
B42: Night | D42: =SUM(E42:AV42) -> 0
A43: 46130 | B43: Day | C43: =SUM(D43:D45) -> 1105 | D43: =SUM(E43:AV43) -> 545 | E43: 544 | AS43: 1 | AW43: =SUM(E43:X45) -> 1104 | AX43: =SUM(E43:AR45) -> 1104 | AY43: 10001 | AZ43: OK
B44: Night | D44: =SUM(E44:AV44) -> 560 | E44: 560
B45: Night | D45: =SUM(E45:AV45) -> 0
A46: 46131 | B46: Day | C46: =SUM(D46:D48) -> 1002 | D46: =SUM(E46:AV46) -> 518 | E46: 512 | AS46: 6 | AW46: =SUM(E46:X48) -> 976 | AX46: =SUM(E46:AR48) -> 976 | AY46: 10001 | AZ46: OK | BA46: N/A
B47: Night | D47: =SUM(E47:AV47) -> 484 | E47: 464 | AS47: 20
B48: Night | D48: =SUM(E48:AV48) -> 0
A49: 46132 | B49: Day | C49: =SUM(D49:D51) -> 1051 | D49: =SUM(E49:AV49) -> 530 | E49: 528 | AS49: 2 | AW49: =SUM(E49:X51) -> 1040 | AX49: =SUM(E49:AR51) -> 1040 | AY49: 10001 | AZ49: OK | BA49: N/A
B50: Night | D50: =SUM(E50:AV50) -> 521 | E50: 512 | AS50: 9
B51: Night | D51: =SUM(E51:AV51) -> 0
A52: 46133 | B52: Day | C52: =SUM(D52:D55) -> 921 | D52: =SUM(E52:AV52) -> 489 | E52: 464 | AS52: 25 | AW52: =SUM(E52:X55) -> 896 | AX52: =SUM(E52:AR55) -> 896 | AY52: 10001 | AZ52: OK | BA52: N/A
B53: Night | D53: =SUM(E53:AV53) -> 432 | E53: 432
B54: Night | D54: =SUM(E54:AV54) -> 0
B55: Night | D55: =SUM(E55:AV55) -> 0
A56: 46134 | B56: Day | C56: =SUM(D56:D59) -> 983 | D56: =SUM(E56:AV56) -> 525 | E56: 512 | AS56: 13 | AW56: =SUM(E56:X59) -> 960 | AX56: =SUM(E56:AR59) -> 960 | AY56: 10001 | AZ56: OK | BA56: N/A
B57: Night | D57: =SUM(E57:AV57) -> 458 | E57: 448 | AS57: 10
B58: Night | D58: =SUM(E58:AV58) -> 0
B59: Night | D59: =SUM(E59:AV59) -> 0
A60: 46135 | B60: Day | C60: =SUM(D60:D62) -> 824 | D60: =SUM(E60:AV60) -> 276 | E60: 272 | AS60: 4 | AW60: =SUM(E60:X62) -> 816 | AX60: =SUM(E60:AR62) -> 816 | AY60: 10001 | AZ60: OK | BA60: N/A
B61: Night | D61: =SUM(E61:AV61) -> 548 | E61: 544 | AS61: 4
B62: Night | D62: =SUM(E62:AV62) -> 0
A63: 46136 | B63: Day | C63: =SUM(D63:D65) -> 1023 | D63: =SUM(E63:AV63) -> 527 | E63: 512 | AS63: 15 | AW63: =SUM(E63:X65) -> 992 | AX63: =SUM(E63:AR65) -> 992 | AY63: 10001 | AZ63: OK | BA63: N/A
B64: Day | D64: =SUM(E64:AV64) -> 496 | E64: 480 | AS64: 16
B65: Night | D65: =SUM(E65:AV65) -> 0
A66: 46137 | B66: Day | C66: =SUM(D66:D68) -> 1023 | D66: =SUM(E66:AV66) -> 514 | E66: 512 | AS66: 2 | AW66: =SUM(E66:X68) -> 1008 | AX66: =SUM(E66:AR68) -> 1008 | AY66: 10001 | AZ66: OK | BA66: N/A
B67: Night | D67: =SUM(E67:AV67) -> 509 | E67: 496 | AS67: 13
B68: Night | D68: =SUM(E68:AV68) -> 0
A69: 46138 | B69: Day | C69: =SUM(D69:D71) -> 1027 | D69: =SUM(E69:AV69) -> 522 | E69: 496 | AS69: 26 | AW69: =SUM(E69:X71) -> 992 | AX69: =SUM(E69:AR71) -> 992 | AY69: 10001 | AZ69: OK | BA69: N/A
B70: Night | D70: =SUM(E70:AV70) -> 505 | E70: 496 | AS70: 9
B71: Night | D71: =SUM(E71:AV71) -> 0
A72: 46139 | B72: Day | C72: =SUM(D72:D74) -> 1021 | D72: =SUM(E72:AV72) -> 533 | E72: 528 | AS72: 5 | AW72: =SUM(E72:X74) -> 992 | AX72: =SUM(E72:AR74) -> 992 | AY72: 10001 | AZ72: OK | BA72: N/A
B73: Night | D73: =SUM(E73:AV73) -> 488 | E73: 464 | AS73: 24
B74: Night | D74: =SUM(E74:AV74) -> 0
A75: 46140 | B75: Day | C75: =SUM(D75:D78) -> 981 | D75: =SUM(E75:AV75) -> 505 | E75: 496 | AS75: 9 | AW75: =SUM(E75:X78) -> 944 | AX75: =SUM(E75:AR78) -> 944 | AY75: 10001 | AZ75: OK | BA75: N/A
B76: Night | D76: =SUM(E76:AV76) -> 476 | E76: 448 | AS76: 28
B77: Night | D77: =SUM(E77:AV77) -> 0
B78: Night | D78: =SUM(E78:AV78) -> 0
A79: 46141 | B79: Day | C79: =SUM(D79:D83) -> 883 | D79: =SUM(E79:AV79) -> 501 | E79: 496 | AS79: 5 | AW79: =SUM(E79:X83) -> 848 | AX79: =SUM(E79:AR83) -> 848 | AY79: 10001 | AZ79: OK | BA79: N/A
B80: Night | D80: =SUM(E80:AV80) -> 382 | E80: 352 | AS80: 30
B81: Night | D81: =SUM(E81:AV81) -> 0
B82: Night | D82: =SUM(E82:AV82) -> 0
B83: Night | D83: =SUM(E83:AV83) -> 0
B84: Day | C84: =SUM(D84:D88) -> 0 | D84: =SUM(E84:AV84) -> 0 | AW84: =SUM(E84:X88) -> 0 | AX84: =SUM(E84:AR88) -> 0 | BA84: N/A
B85: Night | D85: =SUM(E85:AV85) -> 0
B86: Day | D86: =SUM(E86:AV86) -> 0
B87: Day | D87: =SUM(E87:AV87) -> 0
B88: Night | D88: =SUM(E88:AV88) -> 0
B89: Day | C89: =SUM(D89:D92) -> 0 | D89: =SUM(E89:AV89) -> 0 | AW89: =SUM(E89:X92) -> 0 | AX89: =SUM(E89:AR92) -> 0 | BA89: N/A
B90: Night | D90: =SUM(E90:AV90) -> 0
B91: Night | D91: =SUM(E91:AV91) -> 0
B92: Night | D92: =SUM(E92:AV92) -> 0
B93: Day | C93: =SUM(D93:D96) -> 0 | D93: =SUM(E93:AV93) -> 0 | AW93: =SUM(E93:X96) -> 0 | AX93: =SUM(E93:AR96) -> 0 | BA93: N/A
B94: Night | D94: =SUM(E94:AV94) -> 0
B95: Night | D95: =SUM(E95:AV95) -> 0
B96: Night | D96: =SUM(E96:AV96) -> 0
B97: Day | C97: =SUM(D97:D99) -> 0 | D97: =SUM(E97:AV97) -> 0 | AW97: =SUM(E97:X99) -> 0 | AX97: =SUM(E97:AR99) -> 0 | BA97: N/A
B98: Night | D98: =SUM(E98:AV98) -> 0
B99: Night | D99: =SUM(E99:AV99) -> 0
B100: Day | C100: =SUM(D100:D103) -> 0 | D100: =SUM(E100:AV100) -> 0 | AW100: =SUM(E100:X103) -> 0 | AX100: =SUM(E100:AR103) -> 0 | BA100: N/A
...

Sheet M-3
A1: 46113
BJ2: 1 | BK2: 4 | BL2: 2025
A3: M 3 | E3: Fresh Piece | AD3: Colour Mix Piece | BD3: Rejection Piece
A4: DATE | B4: SHIFT | C4: TOTAL PIECE | E4: Big Chair | F4: Big Maharaja | G4: XUV | H4: Sumo | I4: Chota Heritage | J4: Ring Table | K4: E.V.Chair | L4: Yoddha | M4: Stool | N4: AL SUMO | O4: M.P.Stool | P4: Fridge Stand | Q4: Baby Chair | R4: Baby Chair New | S4: Jordan Chair | T4: JIO TABLE | U4: J.New | V4: Activa | W4: Fruit Crate | X4: ALess | Y4: D.Table Top | Z4: C. Table | AA4: Table | AB4: Garden Table | AC4: Small Chair | AD4: Big Chair | AE4: Big Maharaja | AF4: XUV | AG4: Sumo | AH4: Chota Heritage | AI4: Ring Table | AJ4: Yoddha | AK4: AL SUMO | AL4: New Stool | AM4: M.P.Stool | AN4: Fridge Stand | AO4: Baby Chair | AP4: Baby Chair New | AQ4: JIO TABLE | AR4: J.New | AS4: Jordan Chair | AT4: Activa | AU4: Fruit Crate | AV4: Aless | AW4: Inv | AX4: E.V.Chair | AY4: C.Table | AZ4: D.T | BA4: Table | BB4: Garden Table | BC4: Small Chair | BD4: Big Chair/Mj/Heritage | BE4: Jordan Chair/Aless/CH | BF4: Fruit Crate/Yoddha | BG4: Table/T.New | BH4: Net Fresh Piece | BI4: Net Usable Prod. | BJ4: MODEL | BK4: COLOR | BL4: REMARKS
A5: 46116 | B5: Day | C5: =SUM(D5:D7) -> 661 | D5: =SUM(E5:BG5) -> 266 | U5: 264 | AR5: 2 | BH5: =SUM(E5:AC7) -> 648 | BI5: =SUM(E5:BC7) -> 657 | BJ5: 1003 | BK5: T.W | BL5: N/A
B6: Night | D6: =SUM(E6:BG6) -> 395 | U6: =360+24 -> 384 | AR6: =3+4 -> 7 | BE6: 4
B7: Night | D7: =SUM(E7:BG7) -> 0
A8: 46117 | B8: Day | C8: =SUM(D8:D10) -> 604 | D8: =SUM(E8:BG8) -> 436 | U8: 432 | BE8: 4 | BH8: =SUM(E8:AC10) -> 600 | BI8: =SUM(E8:BC10) -> 600 | BJ8: 1003 | BK8: A.G | BL8: N/A
B9: Night | D9: =SUM(E9:BG9) -> 168 | U9: 168
B10: Night | D10: =SUM(E10:BG10) -> 0
A11: 46120 | B11: Day | C11: =SUM(D11:D14) -> 330 | D11: =SUM(E11:BG11) -> 330 | U11: 324 | AR11: 5 | BE11: 1 | BH11: =SUM(E11:AC14) -> 324 | BI11: =SUM(E11:BC14) -> 329 | BJ11: 1003 | BK11: G.B
B12: Night | D12: =SUM(E12:BG12) -> 0
B13: Night | D13: =SUM(E13:BG13) -> 0
B14: Night | D14: =SUM(E14:BG14) -> 0
A15: 46121 | B15: Day | C15: =SUM(D15:D19) -> 776 | D15: =SUM(E15:BG15) -> 280 | U15: 276 | BE15: 4 | BH15: =SUM(E15:AC19) -> 768 | BI15: =SUM(E15:BC19) -> 768 | BJ15: 1003 | BK15: G.B | BL15: N/A
B16: Night | D16: =SUM(E16:BG16) -> 496 | U16: 492 | BE16: 4
B17: Night | D17: =SUM(E17:BG17) -> 0
B18: Night | D18: =SUM(E18:BG18) -> 0
B19: Night | D19: =SUM(E19:BG19) -> 0
A20: 46122 | B20: Day | C20: =SUM(D20:D22) -> 602 | D20: =SUM(E20:BG20) -> 36 | U20: 36 | BH20: =SUM(E20:AC22) -> 536 | BI20: =SUM(E20:BC22) -> 542 | BJ20: 1003 | BK20: G.B | BL20: N/A
B21: Night | D21: =SUM(E21:BG21) -> 208 | N21: 160 | AK21: 6 | BE21: 42 | BJ21: AL SUMO | BK21: G.B
B22: Night | D22: =SUM(E22:BG22) -> 358 | N22: 340 | BE22: 18
A23: 46123 | B23: Day | C23: =SUM(D23:D26) -> 617 | D23: =SUM(E23:BG23) -> 234 | N23: 220 | AK23: 3 | BE23: 11 | BH23: =SUM(E23:AC26) -> 600 | BI23: =SUM(E23:BC26) -> 603 | BJ23: AL SUMO | BK23: G.B | BL23: N/A
B24: Day | D24: =SUM(E24:BG24) -> 383 | N24: 380 | BE24: 3
B25: Day | D25: =SUM(E25:BG25) -> 0
B26: Night | D26: =SUM(E26:BG26) -> 0
A27: 46124 | B27: Day | C27: =SUM(D27:D30) -> 720 | D27: =SUM(E27:BG27) -> 320 | N27: 320 | BH27: =SUM(E27:AC30) -> 720 | BI27: =SUM(E27:BC30) -> 720 | BJ27: AL SUMO | BK27: G.B | BL27: N/A
B28: Night | D28: =SUM(E28:BG28) -> 400 | N28: 400
B29: Night | D29: =SUM(E29:BG29) -> 0
B30: Night | D30: =SUM(E30:BG30) -> 0
A31: 46125 | B31: Day | C31: =SUM(D31:D33) -> 283 | D31: =SUM(E31:BG31) -> 283 | N31: 280 | BE31: 3 | BH31: =SUM(E31:AC33) -> 280 | BI31: =SUM(E31:BC33) -> 280 | BJ31: AL SUMO | BK31: G.B | BL31: N/A
B32: Night | D32: =SUM(E32:BG32) -> 0
B33: Night | D33: =SUM(E33:BG33) -> 0
A34: 46127 | B34: Day | C34: =SUM(D34:D36) -> 594 | D34: =SUM(E34:BG34) -> 171 | H34: 160 | AG34: 1 | BE34: 10 | BH34: =SUM(E34:AC36) -> 576 | BI34: =SUM(E34:BC36) -> 577 | BJ34: 301 | BK34: BROWN | BL34: N/A
B35: Night | D35: =SUM(E35:BG35) -> 423 | H35: 416 | BE35: 7
B36: Night | D36: =SUM(E36:BG36) -> 0
A37: 46128 | B37: Day | C37: =SUM(D37:D40) -> 721 | D37: =SUM(E37:BG37) -> 439 | H37: 432 | AG37: 1 | BE37: 6 | BH37: =SUM(E37:AC40) -> 704 | BI37: =SUM(E37:BC40) -> 705 | BJ37: 301 | BK37: BROWN | BL37: N/A
B38: Night | D38: =SUM(E38:BG38) -> 282 | H38: 272 | BE38: 10
B39: Night | D39: =SUM(E39:BG39) -> 0
B40: Night | D40: =SUM(E40:BG40) -> 0
A41: 46129 | B41: Day | C41: =SUM(D41:D44) -> 488 | D41: =SUM(E41:BG41) -> 488 | H41: =96+384 -> 480 | AG41: 6 | BE41: 2 | BH41: =SUM(E41:AC44) -> 480 | BI41: =SUM(E41:BC44) -> 486 | BJ41: 301 | BK41: BROWN , A.G | BL41: N/A
B42: Night | D42: =SUM(E42:BG42) -> 0
B43: Night | D43: =SUM(E43:BG43) -> 0
B44: Night | D44: =SUM(E44:BG44) -> 0
A45: 46130 | B45: Day | C45: =SUM(D45:D49) -> 454 | D45: =SUM(E45:BG45) -> 16 | H45: 16 | BH45: 5 | BI45: =SUM(E45:BC49) -> 426 | BJ45: 301 | BK45: A.G | BL45: N/A
B46: Night | D46: =SUM(E46:BG46) -> 227 | J46: 204 | BG46: 23 | BJ46: RING TABLE | BK46: G.B
B47: Night | D47: =SUM(E47:BG47) -> 211 | J47: 204 | AI47: 2 | BG47: 5
B48: Night | D48: =SUM(E48:BG48) -> 0
B49: Night | D49: =SUM(E49:BG49) -> 0
A50: 46131 | B50: Day | C50: =SUM(D50:D53) -> 638 | D50: =SUM(E50:BG50) -> 379 | J50: 372 | BG50: 7 | BH50: =SUM(E50:AC53) -> 612 | BI50: =SUM(E50:BC53) -> 612 | BJ50: RING TABLE | BK50: G.B | BL50: N/A
B51: Night | D51: =SUM(E51:BG51) -> 259 | J51: =24+216 -> 240 | BG51: =3+16 -> 19
B52: Night | D52: =SUM(E52:BG52) -> 0
B53: Night | D53: =SUM(E53:BG53) -> 0
A54: 46132 | B54: Day | C54: =SUM(D54:D56) -> 444 | D54: =SUM(E54:BG54) -> 347 | J54: =180+156 -> 336 | AI54: 4 | BG54: =4+3 -> 7 | BH54: =SUM(E54:AC56) -> 432 | BI54: =SUM(E54:BC56) -> 437 | BJ54: RING TABLE | BK54: BROWN , T.W | BL54: N/A
B55: Day | D55: =SUM(E55:BG55) -> 97 | J55: 96 | AI55: 1
B56: Night | D56: =SUM(E56:BG56) -> 0
A57: 46133 | B57: Day | C57: =SUM(D57:D60) -> 605 | D57: =SUM(E57:BG57) -> 355 | J57: 348 | BG57: 7 | BH57: =SUM(E57:AC60) -> 576 | BI57: =SUM(E57:BC60) -> 580 | BJ57: RING TABLE | BK57: T.W, A.G | BL57: N/A
B58: Night | D58: =SUM(E58:BG58) -> 250 | J58: =96+132 -> 228 | AI58: 4 | BG58: =15+3 -> 18
B59: Night | D59: =SUM(E59:BG59) -> 0
B60: Night | D60: =SUM(E60:BG60) -> 0
A61: 46134 | B61: Day | C61: =SUM(D61:D64) -> 481 | D61: =SUM(E61:BG61) -> 324 | J61: =228+84 -> 312 | AI61: 6 | BG61: =5+1 -> 6 | BH61: =SUM(E61:AC64) -> 456 | BI61: =SUM(E61:BC64) -> 462 | BJ61: RING TABLE | BK61: A.G , S.B
B62: Night | D62: =SUM(E62:BG62) -> 157 | J62: 144 | BG62: 13
B63: Night | D63: =SUM(E63:BG63) -> 0
B64: Night | D64: =SUM(E64:BG64) -> 0
A65: 46135 | B65: Day | C65: =SUM(D65:D68) -> 379 | D65: =SUM(E65:BG65) -> 38 | J65: 36 | BG65: 2 | BH65: =SUM(E65:AC68) -> 356 | BI65: =SUM(E65:BC68) -> 361 | BJ65: RING TABLE | BK65: S.B | BL65: N/A
B66: Night | D66: =SUM(E66:BG66) -> 341 | N66: 320 | AK66: 5 | BE66: 16 | BJ66: AL SUMO | BK66: T.W
B67: Night | D67: =SUM(E67:BG67) -> 0
B68: Night | D68: =SUM(E68:BG68) -> 0
A69: 46136 | B69: Night | C69: =SUM(D69:D71) -> 732 | D69: =SUM(E69:BG69) -> 400 | N69: 380 | BE69: 20 | BH69: =SUM(E69:AC71) -> 700 | BI69: =SUM(E69:BC71) -> 700 | BJ69: AL SUMO | BK69: T.W | BL69: N/A
B70: Night | D70: =SUM(E70:BG70) -> 332 | N70: 320 | BE70: 12
B71: Night | D71: =SUM(E71:BG71) -> 0
A72: 46137 | B72: Day | C72: =SUM(D72:D75) -> 611 | D72: =SUM(E72:BG72) -> 422 | N72: 420 | BE72: 2 | BH72: =SUM(E72:AC75) -> 600 | BI72: =SUM(E72:BC75) -> 605 | BJ72: AL SUMO | BK72: T.W | BL72: N/A
B73: Night | D73: =SUM(E73:BG73) -> 189 | N73: 180 | AK73: 5 | BE73: 4
B74: Night | D74: =SUM(E74:BG74) -> 0
B75: Night | D75: =SUM(E75:BG75) -> 0
A76: 46138 | B76: Day | C76: =SUM(D76:D78) -> 692 | D76: =SUM(E76:BG76) -> 40 | N76: 40 | BH76: =SUM(E76:AC78) -> 664 | BI76: =SUM(E76:BC78) -> 667 | BJ76: AL SUMO | BK76: T.W | BL76: N/A
B77: Day | D77: =SUM(E77:BG77) -> 239 | U77: 228 | BE77: 11 | BJ77: 1003 | BK77: T.W
B78: Night | D78: =SUM(E78:BG78) -> 413 | U78: 396 | AR78: 3 | BE78: 14
A79: 46139 | B79: Day | C79: =SUM(D79:D83) -> 891 | D79: =SUM(E79:BG79) -> 451 | U79: =72+360 -> 432 | AR79: 2 | BE79: =3+14 -> 17 | BH79: =SUM(E79:AC83) -> 852 | BI79: =SUM(E79:BC83) -> 855 | BJ79: 1003 | BK79: T.W , G.B | BL79: N/A
B80: Night | D80: =SUM(E80:BG80) -> 440 | U80: 420 | AR80: 1 | BE80: 19
B81: Night | D81: =SUM(E81:BG81) -> 0
B82: Night | D82: =SUM(E82:BG82) -> 0
B83: Night | D83: =SUM(E83:BG83) -> 0
A84: 46140 | B84: Day | C84: =SUM(D84:D86) -> 329 | D84: =SUM(E84:BG84) -> 329 | U84: =72+252 -> 324 | BE84: 5 | BH84: =SUM(E84:AC86) -> 324 | BI84: =SUM(E84:BC86) -> 324 | BJ84: 1003 | BK84: G.B , BROWN | BL84: N/A
B85: Night | D85: =SUM(E85:BG85) -> 0
B86: Night | D86: =SUM(E86:BG86) -> 0
A87: 46141 | B87: Day | C87: =SUM(D87:D89) -> 664 | D87: =SUM(E87:BG87) -> 364 | U87: =276+72 -> 348 | AR87: 6 | BE87: 10 | BH87: =SUM(E87:AC89) -> 636 | BI87: =SUM(E87:BC89) -> 644 | BJ87: 1003 | BK87: BROWN , A.G | BL87: N/A
B88: Night | D88: =SUM(E88:BG88) -> 300 | U88: 288 | AR88: 2 | BE88: 10
B89: Night | D89: =SUM(E89:BG89) -> 0
B90: Day | C90: =SUM(D90:D93) -> 0 | D90: =SUM(E90:BG90) -> 0 | BH90: =SUM(E90:AC93) -> 0 | BI90: =SUM(E90:BC93) -> 0
B91: Day | D91: =SUM(E91:BG91) -> 0
B92: Night | D92: =SUM(E92:BG92) -> 0
B93: Night | D93: =SUM(E93:BG93) -> 0
B94: Day | C94: =SUM(D94:D97) -> 0 | D94: =SUM(E94:BG94) -> 0 | BH94: =SUM(E94:AC97) -> 0 | BI94: =SUM(E94:BC97) -> 0
B95: Night | D95: =SUM(E95:BG95) -> 0
B96: Night | D96: =SUM(E96:BG96) -> 0
D97: =SUM(E97:BG97) -> 0
B98: Day | C98: =SUM(D98:D101) -> 0 | D98: =SUM(E98:BG98) -> 0 | BH98: =SUM(E98:AC101) -> 0 | BI98: =SUM(E98:BC101) -> 0
B99: Night | D99: =SUM(E99:BG99) -> 0
B100: Night | D100: =SUM(E100:BG100) -> 0
...

Sheet M-4
A1: 46113
BC2: 1 | BD2: 4 | BE2: 2026
A3: M-4 | E3: Fresh Piece | AA3: Colour Mix Piece | AW3: Rejection Piece
A4: DATE | B4: SHIFT | C4: TOTAL PIECE | E4: Big Chair | F4: Big Maharaja | G4: XUV | H4: Chota Heritage | I4: Small Chair | J4: High Cros | K4: Activa | L4: Inv | M4: EV.Chair | N4: M.P Stool | O4: STOOL CLIPON | P4: Baba Chair | Q4: Jordan Chair | R4: JIO TOP JALI | S4: J.New | T4: Yoddha | U4: Fruit Crate | V4: ALess | W4: D.Leg | X4: C.Table | Y4: Table | Z4: Garden Table | AA4: Big Chair | AB4: Big Maharaja | AC4: XUV | AD4: Chota Heritage | AE4: Small Chair | AF4: High Cros | AG4: Activa | AH4: Inv | AI4: EV.Chair | AJ4: M.P Stool | AK4: STOOL CLIPON | AL4: Baba Chair | AM4: Jordan Chair | AN4: JIO TOP JALI | AO4: J.New | AP4: Yoddha | AQ4: Fruit Crate | AR4: Aless | AS4: D.Leg | AT4: C.Table | AU4: Table | AV4: Garden Table | AW4: Big Chair/Mj/Heritage | AX4: Small Chair/Aless/CH/high cros | AY4: Fruit Crate | AZ4: Table/T.New | BA4: Net Fresh Piece | BB4: Net Usable Prod. | BC4: MODEL | BD4: COLOR | BE4: REMARKS
A5: 46116 | B5: Day | C5: =SUM(D5:D7) -> 733 | D5: =SUM(E5:AZ5) -> 323 | K5: 320 | AX5: 3 | BA5: =SUM(E5:Z7) -> 720 | BB5: =SUM(E5:AV7) -> 725 | BC5: 4003 | BD5: T.W | BH5: S
B6: Night | D6: =SUM(E6:AZ6) -> 410 | K6: 400 | AG6: 5 | AX6: 5
B7: Night | D7: =SUM(E7:AZ7) -> 0
A8: 46117 | B8: Day | C8: =SUM(D8:D11) -> 979 | D8: =SUM(E8:AZ8) -> 472 | K8: =128+336 -> 464 | AG8: 1 | AX8: 7 | BA8: =SUM(E8:Z11) -> 960 | BB8: =SUM(E8:AV11) -> 966 | BC8: 4003 | BD8: T.W | BE8: N/A
B9: Night | D9: =SUM(E9:AZ9) -> 507 | K9: 496 | AG9: 5 | AX9: 6 | BC9: 4001 | BD9: T.W
B10: Night | D10: =SUM(E10:AZ10) -> 0
B11: Night | D11: =SUM(E11:AZ11) -> 0
A12: 46118 | B12: Day | C12: =SUM(D12:D14) -> 1001 | D12: =SUM(E12:AZ12) -> 453 | K12: =80+368 -> 448 | AG12: 2 | AX12: 3 | BA12: =SUM(E12:Z14) -> 992 | BB12: =SUM(E12:AV14) -> 994 | BC12: 4001 | BD12: T.W, G.B
B13: Night | D13: =SUM(E13:AZ13) -> 548 | K13: 544 | AX13: 4
B14: Night | D14: =SUM(E14:AZ14) -> 0
A15: 46119 | B15: Day | C15: =SUM(D15:D18) -> 144 | D15: =SUM(E15:AZ15) -> 144 | K15: 144 | BA15: =SUM(E15:Z18) -> 144 | BB15: =SUM(E15:AV18) -> 144 | BE15: N/A
B16: Night | D16: =SUM(E16:AZ16) -> 0
B17: Night | D17: =SUM(E17:AZ17) -> 0
B18: Night | D18: =SUM(E18:AZ18) -> 0
A19: 46126 | B19: Day | C19: =SUM(D19:D22) -> 374 | D19: =SUM(E19:AZ19) -> 374 | K19: 368 | AX19: 6 | BA19: =SUM(E19:Z22) -> 368 | BB19: =SUM(E19:AV22) -> 368 | BC19: 4003 | BD19: G.B | BE19: N/A
B20: Night | D20: =SUM(E20:AZ20) -> 0
B21: Night | D21: =SUM(E21:AZ21) -> 0
B22: Night | D22: =SUM(E22:AZ22) -> 0
A23: 46127 | B23: Day | C23: =SUM(D23:D26) -> 386 | D23: =SUM(E23:AZ23) -> 386 | K23: 384 | AX23: 2 | BA23: =SUM(E23:Z26) -> 384 | BB23: =SUM(E23:AV26) -> 384 | BC23: 4003 | BD23: G.B | BE23: N/A
B24: Night | D24: =SUM(E24:AZ24) -> 0
B25: Night | D25: =SUM(E25:AZ25) -> 0
B26: Night | D26: =SUM(E26:AZ26) -> 0
A27: 46128 | B27: Day | C27: =SUM(D27:D29) -> 783 | D27: =SUM(E27:AZ27) -> 468 | K27: =128+336 -> 464 | AX27: 4 | BA27: =SUM(E27:Z29) -> 768 | BB27: =SUM(E27:AV29) -> 775 | BC27: 4003 | BD27: G.B , BROWN | BE27: N/A
B28: Night | D28: =SUM(E28:AZ28) -> 315 | K28: =256+48 -> 304 | AG28: 7 | AX28: 4
B29: Night | D29: =SUM(E29:AZ29) -> 0
A30: 46129 | B30: Day | C30: =SUM(D30:D32) -> 993 | D30: =SUM(E30:AZ30) -> 504 | K30: 496 | AG30: 3 | AX30: 5 | BA30: =SUM(E30:Z32) -> 976 | BB30: =SUM(E30:AV32) -> 984 | BC30: 4003 | BD30: A.G | BE30: N/A
B31: Night | D31: =SUM(E31:AZ31) -> 489 | K31: =112+368 -> 480 | AG31: 5 | AX31: =1+3 -> 4
B32: Night | D32: =SUM(E32:AZ32) -> 0
A33: 46130 | B33: Day | C33: =SUM(D33:D36) -> 581 | D33: =SUM(E33:AZ33) -> 581 | K33: =512+64 -> 576 | AX33: =4+1 -> 5 | BA33: =SUM(E33:Z36) -> 576 | BB33: =SUM(E33:AV36) -> 576 | BC33: 4003 | BD33: BROWN | BE33: N/A
B34: Day | D34: =SUM(E34:AZ34) -> 0
B35: Night | D35: =SUM(E35:AZ35) -> 0
B36: Night | D36: =SUM(E36:AZ36) -> 0
A37: 46131 | B37: Day | C37: =SUM(D37:D39) -> 500 | D37: =SUM(E37:AZ37) -> 500 | K37: 496 | AX37: 4 | BA37: =SUM(E37:Z39) -> 496 | BB37: =SUM(E37:AV39) -> 496 | BC37: 4002 | BD37: BROWN | BE37: N/A
B38: Night | D38: =SUM(E38:AZ38) -> 0
B39: Night | D39: =SUM(E39:AZ39) -> 0
A40: 46132 | B40: Day | C40: =SUM(D40:D42) -> 478 | D40: =SUM(E40:AZ40) -> 478 | K40: =192+272 -> 464 | AX40: =5+9 -> 14 | BA40: =SUM(E40:Z42) -> 464 | BB40: =SUM(E40:AV42) -> 464 | BC40: 4002 | BD40: BROWN , G.B | BE40: N/A
B41: Night | D41: =SUM(E41:AZ41) -> 0
B42: Night | D42: =SUM(E42:AZ42) -> 0
A43: 46133 | B43: Day | C43: =SUM(D43:D45) -> 980 | D43: =SUM(E43:AZ43) -> 553 | K43: 544 | AX43: 9 | BA43: =SUM(E43:Z45) -> 960 | BB43: =SUM(E43:AV45) -> 967 | BC43: 4002 | BD43: G.B , T.W | BE43: N/A
B44: Night | D44: =SUM(E44:AZ44) -> 427 | K44: =192+224 -> 416 | AG44: 7 | AX44: 4
B45: Night | D45: =SUM(E45:AZ45) -> 0
A46: 46134 | B46: Day | C46: =SUM(D46:D49) -> 577 | D46: =SUM(E46:AZ46) -> 577 | K46: 576 | AX46: 1 | BA46: =SUM(E46:Z49) -> 576 | BB46: =SUM(E46:AV49) -> 576 | BC46: 4002 | BD46: T.W | BE46: N/A
B47: Night | D47: =SUM(E47:AZ47) -> 0
B48: Night | D48: =SUM(E48:AZ48) -> 0
B49: Night | D49: =SUM(E49:AZ49) -> 0
A50: 46135 | B50: Day | C50: =SUM(D50:D53) -> 259 | D50: =SUM(E50:AZ50) -> 259 | K50: =192+64 -> 256 | AX50: =2+1 -> 3 | BA50: =SUM(E50:Z53) -> 256 | BB50: =SUM(E50:AV53) -> 256 | BC50: 4002 | BD50: T.W | BE50: N/A
B51: Night | D51: =SUM(E51:AZ51) -> 0 | BC51: 4003 | BD51: T.W
B52: Night | D52: =SUM(E52:AZ52) -> 0
B53: Night | D53: =SUM(E53:AZ53) -> 0
A54: 46136 | B54: Day | C54: =SUM(D54:D56) -> 548 | D54: =SUM(E54:AZ54) -> 548 | K54: 544 | AG54: 2 | AX54: 2 | BA54: =SUM(E54:Z56) -> 544 | BB54: =SUM(E54:AV56) -> 546 | BC54: 4003 | BD54: T.W | BE54: N/A
B55: Night | D55: =SUM(E55:AZ55) -> 0
B56: Night | D56: =SUM(E56:AZ56) -> 0
A57: 46137 | B57: Day | C57: =SUM(D57:D59) -> 470 | D57: =SUM(E57:AZ57) -> 470 | K57: 464 | AX57: 6 | BA57: =SUM(E57:Z59) -> 464 | BB57: =SUM(E57:AV59) -> 464 | BC57: 4003 | BD57: T.W | BE57: N/A
B58: Night | D58: =SUM(E58:AZ58) -> 0
B59: Night | D59: =SUM(E59:AZ59) -> 0
A60: 46138 | B60: Day | C60: =SUM(D60:D62) -> 483 | D60: =SUM(E60:AZ60) -> 483 | K60: 480 | AX60: 3 | BA60: =SUM(E60:Z62) -> 480 | BB60: =SUM(E60:AV62) -> 480 | BC60: 4003 | BD60: T.W | BE60: N/A
B61: Day | D61: =SUM(E61:AZ61) -> 0
B62: Night | D62: =SUM(E62:AZ62) -> 0
A63: 46139 | B63: Day | C63: =SUM(D63:D65) -> 441 | D63: =SUM(E63:AZ63) -> 441 | K63: =32+400 -> 432 | AG63: 3 | AX63: =1+5 -> 6 | BA63: =SUM(E63:Z65) -> 432 | BB63: =SUM(E63:AV65) -> 435 | BC63: 4003 | BD63: T.W , BROWN | BE63: N/A
B64: Day | D64: =SUM(E64:AZ64) -> 0
B65: Night | D65: =SUM(E65:AZ65) -> 0
A66: 46140 | B66: Day | C66: =SUM(D66:D68) -> 358 | D66: =SUM(E66:AZ66) -> 358 | K66: =64+288 -> 352 | AG66: 3 | AX66: =1+2 -> 3 | BA66: =SUM(E66:Z68) -> 352 | BB66: =SUM(E66:AV68) -> 355 | BC66: 4003 | BD66: BROWN , G.B | BE66: N/A
B67: Night | D67: =SUM(E67:AZ67) -> 0
B68: Night | D68: =SUM(E68:AZ68) -> 0
A69: 46141 | B69: Day | C69: =SUM(D69:D71) -> 418 | D69: =SUM(E69:AZ69) -> 418 | K69: 416 | AX69: 2 | BA69: =SUM(E69:Z71) -> 416 | BB69: =SUM(E69:AV71) -> 416 | BC69: 4003 | BD69: G.B | BE69: N/A
B70: Night | D70: =SUM(E70:AZ70) -> 0
B71: Night | D71: =SUM(E71:AZ71) -> 0
B72: Day | C72: =SUM(D72:D75) -> 0 | D72: =SUM(E72:AZ72) -> 0 | BA72: =SUM(E72:Z75) -> 0 | BB72: =SUM(E72:AV75) -> 0 | BE72: N/A
B73: Night | D73: =SUM(E73:AZ73) -> 0
B74: Night | D74: =SUM(E74:AZ74) -> 0
B75: Night | D75: =SUM(E75:AZ75) -> 0
B76: Day | C76: =SUM(D76:D79) -> 0 | D76: =SUM(E76:AZ76) -> 0 | BA76: =SUM(E76:Z79) -> 0 | BB76: =SUM(E76:AV79) -> 0 | BE76: N/A
B77: Night | D77: =SUM(E77:AZ77) -> 0
B78: Night | D78: =SUM(E78:AZ78) -> 0
B79: Night | D79: =SUM(E79:AZ79) -> 0
B80: Day | C80: =SUM(D80:D83) -> 0 | D80: =SUM(E80:AZ80) -> 0 | BA80: =SUM(E80:Z83) -> 0 | BB80: =SUM(E80:AV83) -> 0 | BE80: N/A
B81: Night | D81: =SUM(E81:AZ81) -> 0
B82: Night | D82: =SUM(E82:AZ82) -> 0
B83: Night | D83: =SUM(E83:AZ83) -> 0
B84: Day | C84: =SUM(D84:D87) -> 0 | D84: =SUM(E84:AZ84) -> 0 | BA84: =SUM(E84:Z87) -> 0 | BB84: =SUM(E84:AV87) -> 0 | BE84: N/A
B85: Night | D85: =SUM(E85:AZ85) -> 0
B86: Night | D86: =SUM(E86:AZ86) -> 0
B87: Night | D87: =SUM(E87:AZ87) -> 0
B88: Day | C88: =SUM(D88:D91) -> 0 | D88: =SUM(E88:AZ88) -> 0 | BA88: =SUM(E88:Z91) -> 0 | BB88: =SUM(E88:AV91) -> 0 | BE88: A
B89: Night | D89: =SUM(E89:AZ89) -> 0
B90: Night | D90: =SUM(E90:AZ90) -> 0
B91: Night | D91: =SUM(E91:AZ91) -> 0
B92: Day | C92: =SUM(D92:D95) -> 0 | D92: =SUM(E92:AZ92) -> 0 | BA92: =SUM(E92:Z95) -> 0 | BB92: =SUM(E92:AV95) -> 0 | BE92: N/A
B93: Night | D93: =SUM(E93:AZ93) -> 0
B94: Night | D94: =SUM(E94:AZ94) -> 0
B95: Night | D95: =SUM(E95:AZ95) -> 0
B96: Day | C96: =SUM(D96:D99) -> 0 | D96: =SUM(E96:AZ96) -> 0 | BA96: =SUM(E96:Z99) -> 0 | BB96: =SUM(E96:AV99) -> 0 | BE96: N/A
B97: Night | D97: =SUM(E97:AZ97) -> 0
B98: Night | D98: =SUM(E98:AZ98) -> 0
B99: Night | D99: =SUM(E99:AZ99) -> 0
B100: Day | C100: =SUM(D100:D103) -> 0 | D100: =SUM(E100:AZ100) -> 0 | BA100: =SUM(E100:Z103) -> 0 | BB100: =SUM(E100:AV103) -> 0 | BE100: N/A
...

Sheet M-5
A1: 46113
BK2: 1 | BL2: 4 | BM2: 2026
A3: M-5 | E3: Fresh Piece | AE3: Colour Mix Piece | BE3: Rejection Piece
A4: DATE | B4: SHIFT | C4: TOTAL PIECE | E4: Big Chair | F4: Big Maharaja | G4: XUV | H4: Chota Heritage | I4: Innova | J4: CLIPON STOOL | K4: Activa | L4: High Cross | M4: Yoddha | N4: Wab Chair | O4: Stool | P4: Jordan Chair/ Clip | Q4: Baby Chair | R4: Baba Chair | S4: Heritage | T4: J.New | U4: Fridge Stand | V4: M.P.Stool | W4: Fruit Crate | X4: ALess | Y4: Small Chair | Z4: D.Table | AA4: D.Leg Cn | AB4: C.Table | AC4: Table | AD4: Garden Table | AE4: Big Chair | AF4: Big Maharaja | AG4: XUV | AH4: Chota Heritage | AI4: Innova | AJ4: CLIPON STOOL | AK4: Activa | AL4: Yodha | AM4: Wab Chair | AN4: Stool | AO4: Baby Chair | AP4: Baba Chair | AQ4: Jordan Chair/ Clip | AR4: Heritage | AS4: High Cross | AT4: J.New | AU4: Fridge Stand | AV4: M.P.Stool | AW4: Fruit Crate | AX4: Small Chair | AY4: D.Table | AZ4: D.Leg Cn | BA4: Aless | BB4: C.Table | BC4: Table | BD4: Garden Table | BE4: Big Chair/Mj/Heritage | BF4: Small Chair/Aless/CH/Act/Yodh/ Wab Char | BG4: Fridge Stand/Stool | BH4: Table/T.New | BI4: Net Fresh Piece | BJ4: Net Usable Prod. | BK4: MODEL | BL4: COLOR | BM4: REMARKS
A5: 46121 | B5: Day | C5: =SUM(D5:D7) -> 700 | D5: =SUM(E5:BH5) -> 189 | AC5: 180 | BC5: 2 | BH5: 7 | BI5: =SUM(E5:AD7) -> 684 | BJ5: =SUM(E5:BD7) -> 686 | BK5: T.T | BL5: BROWN | BM5: N/A
B6: Night | D6: =SUM(E6:BH6) -> 511 | AC6: 504 | BH6: 7
B7: Night | D7: =SUM(E7:BH7) -> 0
A8: 46122 | B8: Day | C8: =SUM(D8:D11) -> 1044 | D8: =SUM(E8:BH8) -> 538 | AC8: 516 | BC8: 3 | BH8: 19 | BI8: =SUM(E8:AD11) -> 1020 | BJ8: =SUM(E8:BD11) -> 1023 | BK8: T.T | BL8: BROWN | BM8: N/A
B9: Night | D9: =SUM(E9:BH9) -> 506 | AC9: 504 | BH9: 2
B10: Night | D10: =SUM(E10:BH10) -> 0
B11: Night | D11: =SUM(E11:BH11) -> 0
A12: 46123 | B12: Day | C12: =SUM(D12:D15) -> 812 | D12: =SUM(E12:BH12) -> 308 | AC12: =120+180 -> 300 | BC12: 7 | BH12: 1 | BI12: =SUM(E12:AD15) -> 804 | BJ12: =SUM(E12:BD15) -> 811 | BK12: T.T | BL12: BROWN, A.G | BM12: N/A
B13: Night | D13: =SUM(E13:BH13) -> 504 | AC13: 504
B14: Night | D14: =SUM(E14:BH14) -> 0
B15: Night | D15: =SUM(E15:BH15) -> 0
A16: 46124 | B16: Day | C16: =SUM(D16:D18) -> 883 | D16: =SUM(E16:BH16) -> 376 | AC16: 372 | BC16: 4 | BI16: =SUM(E16:AD18) -> 864 | BJ16: =SUM(E16:BD18) -> 879 | BK16: T.T | BL16: A.G | BM16: N/A
B17: Night | D17: =SUM(E17:BH17) -> 507 | AC17: =156+336 -> 492 | BC17: =3+8 -> 11 | BH17: 4
B18: Night | D18: =SUM(E18:BH18) -> 0
A19: 46125 | B19: Day | C19: =SUM(D19:D22) -> 1071 | D19: =SUM(E19:BH19) -> 573 | AC19: =528+36 -> 564 | BC19: 2 | BH19: =6+1 -> 7 | BI19: =SUM(E19:AD22) -> 1044 | BJ19: =SUM(E19:BD22) -> 1046 | BK19: T.T | BL19: R.W , S.B
B20: Night | D20: =SUM(E20:BH20) -> 498 | AC20: 480 | BH20: 18
B21: Night | D21: =SUM(E21:BH21) -> 0
B22: Night | D22: =SUM(E22:BH22) -> 0
A23: 46126 | B23: Day | C23: =SUM(D23:D25) -> 180 | D23: =SUM(E23:BH23) -> 180 | AC23: 168 | BH23: 12 | BI23: =SUM(E23:AD25) -> 168 | BJ23: =SUM(E23:BD25) -> 168 | BK23: T.T | BL23: S.B | BM23: N/A
B24: Night | D24: =SUM(E24:BH24) -> 0
B25: Night | D25: =SUM(E25:BH25) -> 0
A26: 46131 | B26: Day | C26: =SUM(D26:D29) -> 359 | D26: =SUM(E26:BH26) -> 359 | S26: 352 | AR26: 2 | BE26: 5 | BI26: =SUM(E26:AD29) -> 352 | BJ26: =SUM(E26:BD29) -> 354 | BK26: 6003 | BL26: G.B | BM26: N/A
B27: Night | D27: =SUM(E27:BH27) -> 0 | BN27: WAB SAMPLEE
B28: Night | D28: =SUM(E28:BH28) -> 0
B29: Night | D29: =SUM(E29:BH29) -> 0
A30: 46132 | B30: Day | C30: =SUM(D30:D33) -> 474 | D30: =SUM(E30:BH30) -> 474 | S30: 464 | BE30: 10 | BI30: =SUM(E30:AD33) -> 464 | BJ30: =SUM(E30:BD33) -> 464 | BK30: 6003 | BL30: G.B | BM30: N/A
B31: Night | D31: =SUM(E31:BH31) -> 0
B32: Night | D32: =SUM(E32:BH32) -> 0
B33: Night | D33: =SUM(E33:BH33) -> 0
A34: 46133 | B34: Day | C34: =SUM(D34:D37) -> 487 | D34: =SUM(E34:BH34) -> 487 | S34: =112+368 -> 480 | AR34: 2 | BE34: =3+2 -> 5 | BI34: =SUM(E34:AD37) -> 480 | BJ34: =SUM(E34:BD37) -> 482 | BK34: 6003 | BL34: G.B | BM34: N/A
B35: Night | D35: =SUM(E35:BH35) -> 0 | BK35: 6002 | BL35: BROWN
B36: Night | D36: =SUM(E36:BH36) -> 0
B37: Night | D37: =SUM(E37:BH37) -> 0
A38: 46134 | B38: Day | C38: =SUM(D38:D40) -> 498 | D38: =SUM(E38:BH38) -> 498 | S38: 496 | BE38: 2 | BI38: =SUM(E38:AD40) -> 496 | BJ38: =SUM(E38:BD40) -> 496 | BK38: 6002 | BL38: BROWN | BM38: N/A
B39: Night | D39: =SUM(E39:BH39) -> 0
B40: Night | D40: =SUM(E40:BH40) -> 0
A41: 46135 | B41: Day | C41: =SUM(D41:D44) -> 242 | D41: =SUM(E41:BH41) -> 242 | S41: 240 | BE41: 2 | BI41: =SUM(E41:AD44) -> 240 | BJ41: =SUM(E41:BD44) -> 240 | BK41: 6002 | BL41: BROWN | BM41: N/A
B42: Night | D42: =SUM(E42:BH42) -> 0
B43: Night | D43: =SUM(E43:BH43) -> 0
B44: Night | D44: =SUM(E44:BH44) -> 0
A45: 46136 | B45: Day | C45: =SUM(D45:D48) -> 530 | D45: =SUM(E45:BH45) -> 530 | S45: 528 | BE45: 2 | BI45: =SUM(E45:AD48) -> 528 | BJ45: =SUM(E45:BD48) -> 528 | BK45: 6002 | BL45: BROWN | BM45: N/A
B46: Night | D46: =SUM(E46:BH46) -> 0
B47: Night | D47: =SUM(E47:BH47) -> 0
B48: Night | D48: =SUM(E48:BH48) -> 0
A49: 46137 | B49: Day | C49: =SUM(D49:D51) -> 712 | D49: =SUM(E49:BH49) -> 501 | S49: 496 | BE49: 5 | BI49: =SUM(E49:AD51) -> 704 | BJ49: =SUM(E49:BD51) -> 704 | BK49: 6002 | BL49: BROWN | BM49: N/A
B50: Night | D50: =SUM(E50:BH50) -> 211 | S50: 208 | BE50: 3
B51: Night | D51: =SUM(E51:BH51) -> 0
A52: 46138 | B52: Day | C52: =SUM(D52:D55) -> 1088 | D52: =SUM(E52:BH52) -> 557 | S52: =192+352 -> 544 | AR52: 9 | BE52: 4 | BI52: =SUM(E52:AD55) -> 1072 | BJ52: =SUM(E52:BD55) -> 1084 | BK52: 6002 | BL52: BROWN , A.G | BM52: N/A
B53: Night | D53: =SUM(E53:BH53) -> 531 | S53: 528 | AR53: 3
B54: Night | D54: =SUM(E54:BH54) -> 0
B55: Night | D55: =SUM(E55:BH55) -> 0
A56: 46139 | B56: Day | C56: =SUM(D56:D58) -> 1008 | D56: =SUM(E56:BH56) -> 534 | S56: 528 | AR56: 5 | BE56: 1 | BI56: =SUM(E56:AD58) -> 992 | BJ56: =SUM(E56:BD58) -> 1004 | BK56: 6002 | BL56: A.G | BM56: N/A
B57: Night | D57: =SUM(E57:BH57) -> 474 | S57: 464 | AR57: 7 | BE57: 3
B58: Night | D58: =SUM(E58:BH58) -> 0
A59: 46140 | B59: Day | C59: =SUM(D59:D61) -> 713 | D59: =SUM(E59:BH59) -> 421 | S59: 416 | AR59: 3 | BE59: 2 | BI59: =SUM(E59:AD61) -> 704 | BJ59: =SUM(E59:BD61) -> 708 | BK59: 6002 | BL59: A.G | BM59: N/A
B60: Night | D60: =SUM(E60:BH60) -> 292 | S60: 288 | AR60: 1 | BE60: 3
B61: Night | D61: =SUM(E61:BH61) -> 0
A62: 46141 | B62: Day | C62: =SUM(D62:D65) -> 421 | D62: =SUM(E62:BH62) -> 421 | S62: 416 | AR62: 5 | BI62: =SUM(E62:AD65) -> 416 | BJ62: =SUM(E62:BD65) -> 421 | BK62: 6002 | BL62: A.G | BM62: N/A
B63: Night | D63: =SUM(E63:BH63) -> 0
B64: Night | D64: =SUM(E64:BH64) -> 0
B65: Night | D65: =SUM(E65:BH65) -> 0
B66: Day | C66: =SUM(D66:D69) -> 0 | D66: =SUM(E66:BH66) -> 0 | BI66: =SUM(E66:AD69) -> 0 | BJ66: =SUM(E66:BD69) -> 0 | BM66: N/A
B67: Night | D67: =SUM(E67:BH67) -> 0
B68: Night | D68: =SUM(E68:BH68) -> 0
B69: Night | D69: =SUM(E69:BH69) -> 0
B70: Day | C70: =SUM(D70:D73) -> 0 | D70: =SUM(E70:BH70) -> 0 | BI70: =SUM(E70:AD73) -> 0 | BJ70: =SUM(E70:BD73) -> 0 | BM70: N/A
B71: Night | D71: =SUM(E71:BH71) -> 0
B72: Night | D72: =SUM(E72:BH72) -> 0
B73: Night | D73: =SUM(E73:BH73) -> 0
B74: Day | C74: =SUM(D74:D77) -> 0 | D74: =SUM(E74:BH74) -> 0 | BI74: =SUM(E74:AD77) -> 0 | BJ74: =SUM(E74:BD77) -> 0 | BM74: N/A
B75: Night | D75: =SUM(E75:BH75) -> 0
B76: Night | D76: =SUM(E76:BH76) -> 0
B77: Night | D77: =SUM(E77:BH77) -> 0
B78: Day | C78: =SUM(D78:D81) -> 0 | D78: =SUM(E78:BH78) -> 0 | BI78: =SUM(E78:AD81) -> 0 | BJ78: =SUM(E78:BD81) -> 0 | BM78: N/A
B79: Day | D79: =SUM(E79:BH79) -> 0
B80: Night | D80: =SUM(E80:BH80) -> 0
B81: Night | D81: =SUM(E81:BH81) -> 0
B82: Day | C82: =SUM(D82:D84) -> 0 | D82: =SUM(E82:BH82) -> 0 | BI82: =SUM(E82:AD84) -> 0 | BJ82: =SUM(E82:BD84) -> 0 | BM82: N/A
B83: Day | D83: =SUM(E83:BH83) -> 0
B84: Night | D84: =SUM(E84:BH84) -> 0
B85: Day | C85: =SUM(D85:D88) -> 0 | D85: =SUM(E85:BH85) -> 0 | BI85: =SUM(E85:AD88) -> 0 | BJ85: =SUM(E85:BD88) -> 0 | BM85: N/A
B86: Night | D86: =SUM(E86:BH86) -> 0
B87: Night | D87: =SUM(E87:BH87) -> 0
B88: Night | D88: =SUM(E88:BH88) -> 0
B89: Day | C89: =SUM(D89:D92) -> 0 | D89: =SUM(E89:BH89) -> 0 | BI89: =SUM(E89:AD92) -> 0 | BJ89: =SUM(E89:BD92) -> 0 | BM89: N/A
B90: Night | D90: =SUM(E90:BH90) -> 0
B91: Night | D91: =SUM(E91:BH91) -> 0
B92: Night | D92: =SUM(E92:BH92) -> 0
B93: Day | C93: =SUM(D93:D96) -> 0 | D93: =SUM(E93:BH93) -> 0 | BI93: =SUM(E93:AD96) -> 0 | BJ93: =SUM(E93:BD96) -> 0 | BM93: N/A
B94: Night | D94: =SUM(E94:BH94) -> 0
B95: Night | D95: =SUM(E95:BH95) -> 0
B96: Night | D96: =SUM(E96:BH96) -> 0
B97: Day | C97: =SUM(D97:D100) -> 0 | D97: =SUM(E97:BH97) -> 0 | BI97: =SUM(E97:AD100) -> 0 | BJ97: =SUM(E97:BD100) -> 0 | BM97: N/A
B98: Night | D98: =SUM(E98:BH98) -> 0
B99: Night | D99: =SUM(E99:BH99) -> 0
B100: Night | D100: =SUM(E100:BH100) -> 0
...

Sheet M-6
A1: 46113
BN2: 1 | BO2: 4 | BP2: 2026
A3: M-6 | E3: Fresh Piece | AF3: Colour Mix Piece | BH3: Rejection Piece
A4: DATE | B4: SHIFT | C4: TOTAL PIECE | E4: Big Chair | F4: Big Maharaja | G4: XUV | H4: Chota Heritage | I4: Yoddhaa | J4: Innova | K4: Activa | L4: Jordan Chair | M4: Stool | N4: Stool ClipOn | O4: Sumo | P4: Baby Chair | Q4: Baba Chair | R4: Heritage | S4: Jarden Chair | T4: Fridge Stand | U4: EV.Chair | V4: Small Chair | W4: M.P.Stool | X4: Fruit Crate | Y4: ALess | AA4: D.Table | AB4: D.Leg Cn | AC4: C.Table | AD4: Table | AE4: Garden Table | AF4: Big Chair | AG4: Big Maharaja | AH4: XUV | AI4: Chota Heritage | AK4: Innova | AL4: Activa | AM4: Stool | AN4: Stool ClipON | AO4: Baby Chair | AP4: Baba Chair | AQ4: Jordan Chair/ Clip | AR4: Heritage | AS4: Jordan Chair | AT4: Jarden Chair | AU4: Fridge Stand | AV4: EVChair | AW4: Yoddha | AX4: Small Chair | AY4: M.P.Stool | AZ4: Fruit Crate | BA4: Small Chair | BB4: D.Table | BC4: D.Leg Cn | BD4: Aless | BE4: C.Table | BF4: Table | BG4: Garden Table | BH4: Big Chair/Mj/Heritage | BI4: Small Chair/Aless/CH/Act/J.D/SIGM/EV | BJ4: Fridge Stand/Stool | BK4: Table/T.New | BL4: Net Fresh Piece | BM4: Net Usable Prod. | BN4: MODEL | BO4: COLOR | BP4: REMARKS
A5: 46116 | B5: Day | C5: =SUM(D5:D8) -> 281 | D5: =SUM(E5:BK5) -> 281 | I5: 276 | BI5: 5 | BL5: =SUM(E5:AE8) -> 276 | BM5: =SUM(E5:BG8) -> 276 | BN5: 502 | BO5: G.B | BP5: N/A
B6: Night | D6: =SUM(E6:BK6) -> 0
B7: Night | D7: =SUM(E7:BK7) -> 0
B8: Night | D8: =SUM(E8:BK8) -> 0
A9: 46119 | B9: Day | C9: =SUM(D9:D12) -> 544 | D9: =SUM(E9:BK9) -> 88 | I9: 84 | AW9: 1 | BI9: 3 | BL9: =SUM(E9:AE12) -> 540 | BM9: =SUM(E9:BG12) -> 541 | BN9: 502 | BO9: BROWN | BP9: N/A
B10: Night | D10: =SUM(E10:BK10) -> 456 | I10: 456
B11: Night | D11: =SUM(E11:BK11) -> 0
B12: Night | D12: =SUM(E12:BK12) -> 0
A13: 46120 | B13: Day | C13: =SUM(D13:D16) -> 868 | D13: =SUM(E13:BK13) -> 458 | I13: 456 | BI13: 2 | BL13: =SUM(E13:AE16) -> 864 | BM13: =SUM(E13:BG16) -> 864 | BN13: 502 | BO13: BROWN | BP13: N/A
B14: Day | D14: =SUM(E14:BK14) -> 410 | I14: 408 | BI14: 2
B15: Night | D15: =SUM(E15:BK15) -> 0
B16: Night | D16: =SUM(E16:BK16) -> 0
A17: 46121 | B17: Day | C17: =SUM(D17:D19) -> 285 | D17: =SUM(E17:BK17) -> 285 | I17: =204+72 -> 276 | AW17: 4 | BI17: 5 | BL17: =SUM(E17:AE19) -> 276 | BM17: =SUM(E17:BG19) -> 280 | BN17: 502 | BO17: BROWN , T.W | BP17: N/A
B18: Night | D18: =SUM(E18:BK18) -> 0
B19: Night | D19: =SUM(E19:BK19) -> 0
A20: 46123 | B20: Day | C20: =SUM(D20:D23) -> 218 | D20: =SUM(E20:BK20) -> 218 | I20: =24+192 -> 216 | BI20: 2 | BL20: =SUM(E20:AE23) -> 216 | BM20: =SUM(E20:BG23) -> 216 | BN20: 502 | BO20: T.W , BROWN
B21: Night | D21: =SUM(E21:BK21) -> 0
B22: Night | D22: =SUM(E22:BK22) -> 0
B23: Night | D23: =SUM(E23:BK23) -> 0
A24: 46124 | B24: Day | C24: =SUM(D24:D26) -> 340 | D24: =SUM(E24:BK24) -> 340 | I24: =84+252 -> 336 | AW24: 1 | BI24: 3 | BL24: =SUM(E24:AE26) -> 336 | BM24: =SUM(E24:BG26) -> 337 | BN24: 502 | BO24: BROWN , G.B | BP24: N/A
B25: Day | D25: =SUM(E25:BK25) -> 0
B26: Night | D26: =SUM(E26:BK26) -> 0
A27: 46125 | B27: Day | C27: =SUM(D27:D29) -> 495 | D27: =SUM(E27:BK27) -> 495 | I27: 492 | BI27: 3 | BL27: =SUM(E27:AE29) -> 492 | BM27: =SUM(E27:BG29) -> 492 | BN27: 502 | BO27: G.B | BP27: N/A
B28: Night | D28: =SUM(E28:BK28) -> 0
B29: Night | D29: =SUM(E29:BK29) -> 0
A30: 46126 | B30: Day | C30: =SUM(D30:D34) -> 367 | D30: =SUM(E30:BK30) -> 367 | I30: 360 | BI30: 7 | BL30: =SUM(E30:AE34) -> 360 | BM30: =SUM(E30:BG34) -> 360 | BN30: 502 | BO30: G.B | BP30: N/A
B31: Night | D31: =SUM(E31:BK31) -> 0
B32: Night | D32: =SUM(E32:BK32) -> 0
B33: Night | D33: =SUM(E33:BK33) -> 0
B34: Day | D34: =SUM(E34:BK34) -> 0
A35: 46127 | B35: Day | C35: =SUM(D35:D38) -> 211 | D35: =SUM(E35:BK35) -> 211 | I35: 204 | BI35: 7 | BL35: =SUM(E35:AE38) -> 204 | BM35: =SUM(E35:BG38) -> 204 | BN35: 502 | BO35: G.B | BP35: N/A
B36: Night | D36: =SUM(E36:BK36) -> 0
B37: Night | D37: =SUM(E37:BK37) -> 0
B38: Night | D38: =SUM(E38:BK38) -> 0
A39: 46128 | B39: Day | C39: =SUM(D39:D42) -> 206 | D39: =SUM(E39:BK39) -> 206 | I39: 198 | BI39: 8 | BL39: =SUM(E39:AE42) -> 198 | BM39: =SUM(E39:BG42) -> 198 | BN39: 502 | BO39: G.B | BP39: N/A
B40: Night | D40: =SUM(E40:BK40) -> 0
B41: Night | D41: =SUM(E41:BK41) -> 0
B42: Night | D42: =SUM(E42:BK42) -> 0
A43: 46131 | B43: Day | C43: =SUM(D43:D46) -> 340 | D43: =SUM(E43:BK43) -> 340 | I43: =12+324 -> 336 | BI43: 4 | BL43: =SUM(E43:AE46) -> 336 | BM43: =SUM(E43:BG46) -> 336 | BN43: 502 | BO43: G.B , T.W | BP43: N/A
B44: Night | D44: =SUM(E44:BK44) -> 0
B45: Night | D45: =SUM(E45:BK45) -> 0
B46: Night | D46: =SUM(E46:BK46) -> 0
A47: 46132 | B47: Day | C47: =SUM(D47:D50) -> 386 | D47: =SUM(E47:BK47) -> 386 | I47: 372 | BI47: 14 | BL47: =SUM(E47:AE50) -> 372 | BM47: =SUM(E47:BG50) -> 372 | BN47: 502 | BO47: T.W | BP47: N/A
B48: Night | D48: =SUM(E48:BK48) -> 0
B49: Night | D49: =SUM(E49:BK49) -> 0
B50: Night | D50: =SUM(E50:BK50) -> 0
A51: 46133 | B51: Day | C51: =SUM(D51:D54) -> 446 | D51: =SUM(E51:BK51) -> 446 | I51: 444 | BI51: 2 | BL51: =SUM(E51:AE54) -> 444 | BM51: =SUM(E51:BG54) -> 444 | BN51: 502 | BO51: T.W | BP51: N/A
B52: Night | D52: =SUM(E52:BK52) -> 0
B53: Night | D53: =SUM(E53:BK53) -> 0
B54: Night | D54: =SUM(E54:BK54) -> 0
A55: 46134 | B55: Day | C55: =SUM(D55:D58) -> 392 | D55: =SUM(E55:BK55) -> 392 | I55: 384 | BI55: 8 | BL55: =SUM(E55:AE58) -> 384 | BM55: =SUM(E55:BG58) -> 384 | BN55: 502 | BO55: T.W | BP55: N/A
B56: Night | D56: =SUM(E56:BK56) -> 0
B57: Night | D57: =SUM(E57:BK57) -> 0
B58: Night | D58: =SUM(E58:BK58) -> 0
A59: 46135 | B59: Day | C59: =SUM(D59:D62) -> 209 | D59: =SUM(E59:BK59) -> 209 | I59: 204 | BI59: 5 | BL59: =SUM(E59:AE62) -> 204 | BM59: =SUM(E59:BG62) -> 204 | BN59: 502 | BO59: T.W | BP59: N/A
B60: Night | D60: =SUM(E60:BK60) -> 0
B61: Night | D61: =SUM(E61:BK61) -> 0
B62: Night | D62: =SUM(E62:BK62) -> 0
A63: 46136 | B63: Day | C63: =SUM(D63:D66) -> 407 | D63: =SUM(E63:BK63) -> 407 | I63: 396 | BI63: 11 | BL63: =SUM(E63:AE66) -> 396 | BM63: =SUM(E63:BG66) -> 396 | BN63: 502 | BO63: T.W | BP63: N/A
B64: Night | D64: =SUM(E64:BK64) -> 0
B65: Night | D65: =SUM(E65:BK65) -> 0
B66: Night | D66: =SUM(E66:BK66) -> 0
A67: 46137 | B67: Day | C67: =SUM(D67:D70) -> 416 | D67: =SUM(E67:BK67) -> 416 | I67: 408 | BI67: 8 | BL67: =SUM(E67:AE70) -> 408 | BM67: =SUM(E67:BG70) -> 408 | BN67: 502 | BO67: T.W | BP67: N/A
B68: Night | D68: =SUM(E68:BK68) -> 0
B69: Night | D69: =SUM(E69:BK69) -> 0
B70: Night | D70: =SUM(E70:BK70) -> 0
A71: 46138 | B71: Day | C71: =SUM(D71:D74) -> 422 | D71: =SUM(E71:BK71) -> 422 | I71: =24+372 -> 396 | BI71: =6+20 -> 26 | BL71: =SUM(E71:AE74) -> 396 | BM71: =SUM(E71:BG74) -> 396 | BN71: 502 | BO71: T.W , G.B | BP71: N/A
B72: Night | D72: =SUM(E72:BK72) -> 0
B73: Night | D73: =SUM(E73:BK73) -> 0
B74: Night | D74: =SUM(E74:BK74) -> 0
A75: 46139 | B75: Day | C75: =SUM(D75:D78) -> 360 | D75: =SUM(E75:BK75) -> 360 | I75: 336 | BI75: 24 | BL75: =SUM(E75:AE78) -> 336 | BM75: =SUM(E75:BG78) -> 336 | BN75: 502 | BO75: G.B | BP75: N/A
B76: Night | D76: =SUM(E76:BK76) -> 0
B77: Night | D77: =SUM(E77:BK77) -> 0
B78: Night | D78: =SUM(E78:BK78) -> 0
A79: 46140 | B79: Day | C79: =SUM(D79:D83) -> 293 | D79: =SUM(E79:BK79) -> 293 | I79: 276 | BI79: 17 | BL79: =SUM(E79:AE83) -> 276 | BM79: =SUM(E79:BG83) -> 276 | BN79: 502 | BO79: G.B | BP79: N/A
B80: Night | D80: =SUM(E80:BK80) -> 0
B81: Night | D81: =SUM(E81:BK81) -> 0
B82: Night | D82: =SUM(E82:BK82) -> 0
B83: Night | D83: =SUM(E83:BK83) -> 0
A84: 46141 | B84: Day | C84: =SUM(D84:D87) -> 323 | D84: =SUM(E84:BK84) -> 323 | I84: 312 | BI84: 11 | BL84: =SUM(E84:AE87) -> 312 | BM84: =SUM(E84:BG87) -> 312 | BN84: 502 | BO84: G.B | BP84: N/A
B85: Night | D85: =SUM(E85:BK85) -> 0
B86: Night | D86: =SUM(E86:BK86) -> 0
B87: Night | D87: =SUM(E87:BK87) -> 0
B88: Day | C88: =SUM(D88:D91) -> 0 | D88: =SUM(E88:BK88) -> 0 | BL88: =SUM(E88:AE91) -> 0 | BM88: =SUM(E88:BG91) -> 0 | BP88: N/A
B89: Night | D89: =SUM(E89:BK89) -> 0
B90: Night | D90: =SUM(E90:BK90) -> 0
B91: Night | D91: =SUM(E91:BK91) -> 0
B92: Day | C92: =SUM(D92:D95) -> 0 | D92: =SUM(E92:BK92) -> 0 | BL92: =SUM(E92:AE95) -> 0 | BM92: =SUM(E92:BG95) -> 0 | BP92: N/A
B93: Night | D93: =SUM(E93:BK93) -> 0
B94: Night | D94: =SUM(E94:BK94) -> 0
B95: Night | D95: =SUM(E95:BK95) -> 0
B96: Day | C96: =SUM(D96:D99) -> 0 | D96: =SUM(E96:BK96) -> 0 | BL96: =SUM(E96:AE99) -> 0 | BM96: =SUM(E96:BG99) -> 0 | BP96: N/A
B97: Night | D97: =SUM(E97:BK97) -> 0
B98: Day | D98: =SUM(E98:BK98) -> 0
B99: Night | D99: =SUM(E99:BK99) -> 0
B100: Day | C100: =SUM(D100:D104) -> 0 | D100: =SUM(E100:BK100) -> 0 | BL100: =SUM(E100:AE104) -> 0 | BM100: =SUM(E100:BG104) -> 0 | BP100: N/A
...

Sheet M-7
A1: 46113
BN2: 1 | BO2: 4 | BP2: 26
A3: M-7 | E3: Fresh Piece | AF3: Colour Mix Piece | BH3: Rejection Piece
A4: DATE | B4: SHIFT | C4: TOTAL PIECE | E4: Big Chair | F4: Big Maharaja | G4: XUV | H4: Chota Heritage | I4: Aless | J4: Innova | K4: Activa | L4: Jordan Chair | M4: Stool | N4: Stool ClipOn | O4: SUMO | P4: Baby Chair | Q4: Baba Chair | R4: HIGH CROSS | S4: J.New | T4: Fridge Stand | U4: EV.Chair | V4: Small Chair | W4: M.P.Stool | X4: Fruit Crate | Z4: JIO LEG | AA4: D.Table | AB4: D.Leg Cn | AC4: C.Table | AD4: Table | AE4: Garden Table | AF4: Big Chair | AG4: Big Maharaja | AH4: XUV | AI4: Chota Heritage | AJ4: JIO LEG | AK4: Innova | AL4: Activa | AM4: Stool | AN4: Stool ClipON | AO4: Baby Chair | AP4: Baba Chair | AQ4: SUMO | AR4: HIGH CROSS | AS4: Jordan Chair | AT4: J.New | AU4: Fridge Stand | AV4: EVChair | AW4: Aless | AX4: Small Chair | AY4: M.P.Stool | AZ4: Fruit Crate | BA4: Small Chair | BB4: D.Table | BC4: D.Leg Cn | BD4: High Cross | BE4: C.Table | BF4: Table | BG4: Garden Table | BH4: Big Chair/Mj/Heritage | BI4: Small Chair/Aless/CH/Act/J.D/SIGM/EV | BJ4: Fridge Stand/Stool | BK4: Table/T.New | BL4: Net Fresh Piece | BM4: Net Usable Prod. | BN4: MODEL | BO4: COLOR | BP4: REMARKS
A5: 46130 | B5: Day | C5: =SUM(D5:D8) -> 1301 | D5: =SUM(E5:BK5) -> 579 | I5: 560 | AW5: 7 | BI5: 12 | BL5: =SUM(E5:AE8) -> 1280 | BM5: =SUM(E5:BG8) -> 1289 | BN5: 101 | BO5: ORANGE | BP5: N/A
B6: Night | D6: =SUM(E6:BK6) -> 722 | I6: =440+280 -> 720 | AW6: 2
B7: Night | D7: =SUM(E7:BK7) -> 0
B8: Night | D8: =SUM(E8:BK8) -> 0
A9: 46131 | B9: Day | C9: =SUM(D9:D12) -> 1403 | D9: =SUM(E9:BK9) -> 680 | I9: 680 | BL9: =SUM(E9:AE12) -> 1400 | BM9: =SUM(E9:BG12) -> 1400 | BN9: 101 | BO9: RED 1 | BP9: N/A
B10: Night | D10: =SUM(E10:BK10) -> 723 | I10: 720 | BI10: 3
B11: Night | D11: =SUM(E11:BK11) -> 0
B12: Night | D12: =SUM(E12:BK12) -> 0
A13: 46132 | B13: Day | C13: =SUM(D13:D16) -> 1224 | D13: =SUM(E13:BK13) -> 720 | I13: 720 | BL13: =SUM(E13:AE16) -> 1220 | BM13: =SUM(E13:BG16) -> 1220 | BN13: 101 | BO13: RED 1 | BP13: N/A
B14: Night | D14: =SUM(E14:BK14) -> 504 | I14: 500 | BI14: 4
B15: Night | D15: =SUM(E15:BK15) -> 0
B16: Night | D16: =SUM(E16:BK16) -> 0
A17: 46133 | B17: Day | C17: =SUM(D17:D19) -> 702 | D17: =SUM(E17:BK17) -> 702 | I17: 700 | AW17: 2 | BL17: =SUM(E17:AE19) -> 700 | BM17: =SUM(E17:BG19) -> 702 | BN17: 101 | BO17: RED 1 | BP17: N/A
B18: Day | D18: =SUM(E18:BK18) -> 0
B19: Night | D19: =SUM(E19:BK19) -> 0
A20: 46134 | B20: Day | C20: =SUM(D20:D23) -> 1011 | D20: =SUM(E20:BK20) -> 624 | I20: 620 | BI20: 4 | BL20: =SUM(E20:AE23) -> 1000 | BM20: =SUM(E20:BG23) -> 1000 | BN20: 101 | BO20: RED 1 , BROWN
B21: Night | D21: =SUM(E21:BK21) -> 387 | I21: =80+300 -> 380 | BI21: =2+5 -> 7
B22: Night | D22: =SUM(E22:BK22) -> 0
B23: Night | D23: =SUM(E23:BK23) -> 0
A24: 46135 | B24: Day | C24: =SUM(D24:D26) -> 403 | D24: =SUM(E24:BK24) -> 403 | I24: 400 | BI24: 3 | BL24: =SUM(E24:AE26) -> 400 | BM24: =SUM(E24:BG26) -> 400 | BN24: 103 | BO24: BROWN | BP24: N/A
B25: Night | D25: =SUM(E25:BK25) -> 0
B26: Night | D26: =SUM(E26:BK26) -> 0
A27: 46136 | B27: Day | C27: =SUM(D27:D29) -> 602 | D27: =SUM(E27:BK27) -> 602 | I27: 600 | BI27: 2 | BL27: =SUM(E27:AE29) -> 600 | BM27: =SUM(E27:BG29) -> 600 | BN27: 103 | BO27: BROWN | BP27: N/A
B28: Night | D28: =SUM(E28:BK28) -> 0
B29: Night | D29: =SUM(E29:BK29) -> 0
A30: 46137 | B30: Day | C30: =SUM(D30:D34) -> 601 | D30: =SUM(E30:BK30) -> 601 | I30: 600 | BI30: 1 | BL30: =SUM(E30:AE34) -> 600 | BM30: =SUM(E30:BG34) -> 600 | BN30: 103 | BO30: BROWN | BP30: N/A
B31: Night | D31: =SUM(E31:BK31) -> 0
B32: Night | D32: =SUM(E32:BK32) -> 0
B33: Night | D33: =SUM(E33:BK33) -> 0
B34: Day
A35: 46138 | B35: Day | C35: =SUM(D35:D38) -> 585 | D35: =SUM(E35:BK35) -> 585 | I35: 580 | BI35: 5 | BL35: =SUM(E35:AE38) -> 580 | BM35: =SUM(E35:BG38) -> 580 | BN35: 103 | BO35: BROWN | BP35: N/A
B36: Night | D36: =SUM(E36:BK36) -> 0
B37: Night | D37: =SUM(E37:BK37) -> 0
B38: Night | D38: =SUM(E38:BK38) -> 0
A39: 46139 | B39: Day | C39: =SUM(D39:D42) -> 583 | D39: =SUM(E39:BK39) -> 583 | I39: 580 | BI39: 3 | BL39: =SUM(E39:AE42) -> 580 | BM39: =SUM(E39:BG42) -> 580 | BN39: 103 | BO39: BROWN | BP39: N/A
B40: Night | D40: =SUM(E40:BK40) -> 0
B41: Night | D41: =SUM(E41:BK41) -> 0
B42: Night | D42: =SUM(E42:BK42) -> 0
A43: 46140 | B43: Day | C43: =SUM(D43:D46) -> 999 | D43: =SUM(E43:BK43) -> 452 | I43: =60+380 -> 440 | AW43: 11 | BI43: 1 | BL43: =SUM(E43:AE46) -> 980 | BM43: =SUM(E43:BG46) -> 994 | BP43: N/A
B44: Night | D44: =SUM(E44:BK44) -> 547 | I44: 540 | AW44: 3 | BI44: 4
B45: Night | D45: =SUM(E45:BK45) -> 0
B46: Night | D46: =SUM(E46:BK46) -> 0
A47: 46141 | B47: Day | C47: =SUM(D47:D50) -> 1105 | D47: =SUM(E47:BK47) -> 605 | I47: =80+520 -> 600 | AW47: 1 | BI47: 4 | BL47: =SUM(E47:AE50) -> 1100 | BM47: =SUM(E47:BG50) -> 1101 | BN47: 103 | BO47: A.G ,ORANGE | BP47: N/A
B48: Night | D48: =SUM(E48:BK48) -> 500 | I48: 500
B49: Night | D49: =SUM(E49:BK49) -> 0
B50: Night | D50: =SUM(E50:BK50) -> 0
B51: Day | C51: =SUM(D51:D54) -> 0 | D51: =SUM(E51:BK51) -> 0 | BL51: =SUM(E51:AE54) -> 0 | BM51: =SUM(E51:BG54) -> 0 | BP51: N/A
B52: Night | D52: =SUM(E52:BK52) -> 0
B53: Night | D53: =SUM(E53:BK53) -> 0
B54: Night | D54: =SUM(E54:BK54) -> 0
B55: Day | C55: =SUM(D55:D58) -> 0 | D55: =SUM(E55:BK55) -> 0 | BL55: =SUM(E55:AE58) -> 0 | BM55: =SUM(E55:BG58) -> 0 | BP55: N/A
B56: Night | D56: =SUM(E56:BK56) -> 0
B57: Night | D57: =SUM(E57:BK57) -> 0
B58: Night | D58: =SUM(E58:BK58) -> 0
B59: Day | C59: =SUM(D59:D62) -> 0 | D59: =SUM(E59:BK59) -> 0 | BL59: =SUM(E59:AE62) -> 0 | BM59: =SUM(E59:BG62) -> 0 | BP59: N/A
B60: Night | D60: =SUM(E60:BK60) -> 0
B61: Night | D61: =SUM(E61:BK61) -> 0
B62: Night | D62: =SUM(E62:BK62) -> 0
B63: Day | C63: =SUM(D63:D66) -> 0 | D63: =SUM(E63:BK63) -> 0 | BL63: =SUM(E63:AE66) -> 0 | BM63: =SUM(E63:BG66) -> 0 | BP63: N/A
B64: Night | D64: =SUM(E64:BK64) -> 0
B65: Night | D65: =SUM(E65:BK65) -> 0
B66: Night | D66: =SUM(E66:BK66) -> 0
B67: Day | C67: =SUM(D67:D70) -> 0 | D67: =SUM(E67:BK67) -> 0 | BL67: =SUM(E67:AE70) -> 0 | BM67: =SUM(E67:BG70) -> 0 | BP67: N/A
B68: Night | D68: =SUM(E68:BK68) -> 0
B69: Night | D69: =SUM(E69:BK69) -> 0
B70: Night | D70: =SUM(E70:BK70) -> 0
B71: Day | C71: =SUM(D71:D74) -> 0 | D71: =SUM(E71:BK71) -> 0 | BL71: =SUM(E71:AE74) -> 0 | BM71: =SUM(E71:BG74) -> 0 | BP71: N/A
B72: Night | D72: =SUM(E72:BK72) -> 0
B73: Night | D73: =SUM(E73:BK73) -> 0
B74: Night | D74: =SUM(E74:BK74) -> 0
B75: Day | C75: =SUM(D75:D78) -> 0 | D75: =SUM(E75:BK75) -> 0 | BL75: =SUM(E75:AE78) -> 0 | BM75: =SUM(E75:BG78) -> 0 | BP75: N/A
B76: Night | D76: =SUM(E76:BK76) -> 0
B77: Night | D77: =SUM(E77:BK77) -> 0
B78: Night | D78: =SUM(E78:BK78) -> 0
B79: Day | C79: =SUM(D79:D83) -> 0 | D79: =SUM(E79:BK79) -> 0 | BL79: =SUM(E79:AE83) -> 0 | BM79: =SUM(E79:BG83) -> 0 | BP79: N/A
B80: Night | D80: =SUM(E80:BK80) -> 0
B81: Night | D81: =SUM(E81:BK81) -> 0
B82: Night | D82: =SUM(E82:BK82) -> 0
B83: Night | D83: =SUM(E83:BK83) -> 0
B84: Day | C84: =SUM(D84:D87) -> 0 | D84: =SUM(E84:BK84) -> 0 | BL84: =SUM(E84:AE87) -> 0 | BM84: =SUM(E84:BG87) -> 0 | BP84: N/A
B85: Night | D85: =SUM(E85:BK85) -> 0
B86: Night | D86: =SUM(E86:BK86) -> 0
B87: Night | D87: =SUM(E87:BK87) -> 0
B88: Day | C88: =SUM(D88:D91) -> 0 | D88: =SUM(E88:BK88) -> 0 | BL88: =SUM(E88:AE91) -> 0 | BM88: =SUM(E88:BG91) -> 0 | BP88: N/A
B89: Night | D89: =SUM(E89:BK89) -> 0
B90: Night | D90: =SUM(E90:BK90) -> 0
B91: Night | D91: =SUM(E91:BK91) -> 0
B92: Day | C92: =SUM(D92:D95) -> 0 | D92: =SUM(E92:BK92) -> 0 | BL92: =SUM(E92:AE95) -> 0 | BM92: =SUM(E92:BG95) -> 0 | BP92: N/A
B93: Night | D93: =SUM(E93:BK93) -> 0
B94: Night | D94: =SUM(E94:BK94) -> 0
B95: Night | D95: =SUM(E95:BK95) -> 0
B96: Day | C96: =SUM(D96:D99) -> 0 | D96: =SUM(E96:BK96) -> 0 | BL96: =SUM(E96:AE99) -> 0 | BM96: =SUM(E96:BG99) -> 0 | BP96: N/A
B97: Night | D97: =SUM(E97:BK97) -> 0
B98: Day | D98: =SUM(E98:BK98) -> 0
B99: Night | D99: =SUM(E99:BK99) -> 0
B100: Day | C100: =SUM(D100:D104) -> 0 | D100: =SUM(E100:BK100) -> 0 | BL100: =SUM(E100:AE104) -> 0 | BM100: =SUM(E100:BG104) -> 0 | BP100: N/A
...

Sheet BIG CHAIR
A1: Finished Production of Big Chairs - Period on Dated | H1: 1 | I1: 4 | J1: 2026
F2: 2001(New) | O2: 5001 (Maharaja) | X2: 5002 (Maharaja) - Gold | AG2: 5003 (Flower) | AP2: 6001 (Goli) | AY2: 6002 (Chattai) | BH2: 6003 (Patti) | BQ2: 2002 | BZ2: 10001 New (Goli)
A3: Production M-1 | B3: Name | C3: B.No. | D3: Date | F3: S-W | G3: G.B | H3: B.Silver | I3: A.Gold | J3: M.Bz | K3: P.Silver | L3: R-W | M3: Brown | O3: S-W | P3: C-W | Q3: B-Silver | R3: KR | S3: M.Bz | T3: BCM | U3: R-W | V3: Mix | X3: A.Gold | Y3: White | Z3: Karara | AA3: P-Silver | AB3: M.Bz | AC3: Blue,5003 | AD3: Red F | AE3: 5003, Orange | AG3: P.Pink | AH3: P.Green | AI3: R-W | AJ3: M.Bz | AK3: B-Silver | AL3: Brown | AM3: S.Wood | AN3: A.Gold | AP3: P.Green | AQ3: Blue | AR3: P.White | AS3: Orange | AT3: Red First | AU3: P.Pink | AV3: Brown First | AW3: M.B. | AY3: P-Silver | AZ3: S-Wood | BA3: A.Gold | BB3: Black | BC3: M.Bz | BD3: Brown | BE3: White | BF3: B.Gold | BH3: S-W | BI3: G.Black | BJ3: T-Wood | BK3: S-Black | BL3: M.Bz | BM3: A.G | BN3: R-W | BO3: Gold | BQ3: Red First | BR3: A.G | BS3: Orange | BT3: Brown | BU3: P.Green | BV3: G . Black | BW3: Yellow | BX3: Blue | BZ3: Mix | CA3: YELLOW | CB3: S .B 2002 | CC3: 2001OK | CD3: T.W 2002 | CE3: M.B 1 | CF3: R-W | CG3: S-Wood | CI3: Fresh | CJ3: C-Mix | CL3: Total | CM3: G.Rejn | CN3: G.Total
A4: Opening Stock as on | B4: Pushpanjli | F4: =61*16 -> 976 | H4: =79*16 -> 1264 | J4: =48*16 -> 768 | L4: =57*16 -> 912 | Y4: =8*16 -> 128 | AD4: =2*16 -> 32 | AE4: =17*16 -> 272 | AI4: =44*16 -> 704 | AK4: =91*16 -> 1456 | AM4: =115*16 -> 1840 | AP4: =2*16 -> 32 | AQ4: =23*16 -> 368 | AR4: =3*16 -> 48 | BA4: =110*16 -> 1760 | BC4: =39*16 -> 624 | BD4: =191*16 -> 3056 | BI4: =61*16 -> 976 | BJ4: =83*16 -> 1328 | BK4: =29*16 -> 464 | BN4: =10*16 -> 160 | BQ4: =1*16 -> 16 | BV4: =35*16 -> 560 | BX4: =29*16 -> 464 | BZ4: =73*16 -> 1168 | CD4: =25*16 -> 400 | CI4: =SUM(F4:CG4) -> 19776 | CL4: =CI4+CJ4 -> 19776 | CN4: =CL4+CM4 -> 19776
A5: Production add M- 1 | CI5: =SUM(F5:CG5) -> 0 | CL5: =CI5+CJ5 -> 0 | CN5: =CL5+CM5 -> 0
A6: Production add M- 1 | CI6: =SUM(F6:CG6) -> 0 | CL6: =CI6+CJ6 -> 0 | CN6: =CL6+CM6 -> 0
A7: Production add M- 1 | CI7: =SUM(F7:CG7) -> 0 | CL7: =CI7+CJ7 -> 0 | CN7: =CL7+CM7 -> 0
A8: Production add M- 1 | CI8: =SUM(F8:CG8) -> 0 | CL8: =CI8+CJ8 -> 0 | CN8: =CL8+CM8 -> 0
A9: Production add M- 1 | CI9: =SUM(F9:CG9) -> 0 | CL9: =CI9+CJ9 -> 0 | CN9: =CL9+CM9 -> 0
A10: Production add M- 1 | CI10: =SUM(F10:CG10) -> 0 | CL10: =CI10+CJ10 -> 0 | CN10: =CL10+CM10 -> 0
A11: Production add M- 1 | CI11: =SUM(F11:CG11) -> 0 | CL11: =CI11+CJ11 -> 0 | CN11: =CL11+CM11 -> 0
A12: Production add M- 1 | CI12: =SUM(F12:CG12) -> 0 | CL12: =CI12+CJ12 -> 0 | CN12: =CL12+CM12 -> 0
A13: Production add M- 1 | CI13: =SUM(F13:CG13) -> 0 | CL13: =CI13+CJ13 -> 0 | CN13: =CL13+CM13 -> 0
A14: Production add M- 1 | CI14: =SUM(F14:CG14) -> 0 | CL14: =CI14+CJ14 -> 0 | CN14: =CL14+CM14 -> 0
A15: Production add M- 1 | CI15: =SUM(F15:CG15) -> 0 | CL15: =CI15+CJ15 -> 0 | CN15: =CL15+CM15 -> 0
A16: Production add M- 1 | CI16: =SUM(F16:CG16) -> 0 | CL16: =CI16+CJ16 -> 0 | CN16: =CL16+CM16 -> 0
... A21: Production add M- 1 | CI21: =SUM(F21:CG21) -> 0 | CL21: =CI21+CJ21 -> 0 | CN21: =CL21+CM21 -> 0
A22: Production add M- 1 | CI22: =SUM(F22:CG22) -> 0 | CL22: =CI22+CJ22 -> 0 | CN22: =CL22+CM22 -> 0 | CO22: Small | CP22: Table | CQ22: Production
A23: Production add M- 1 | CI23: =SUM(F23:CG23) -> 0 | CL23: =CI23+CJ23 -> 0 | CN23: =CL23+CM23 -> 0
A24: Production add M- 1 | CI24: =SUM(F24:CG24) -> 0 | CL24: =CI24+CJ24 -> 0 | CN24: =CL24+CM24 -> 0
A25: Production add M- 1 | CI25: =SUM(F25:CG25) -> 0 | CL25: =CI25+CJ25 -> 0 | CN25: =CL25+CM25 -> 0
A26: Production add M- 1 | CI26: =SUM(F26:CG26) -> 0 | CL26: =CI26+CJ26 -> 0 | CN26: =CL26+CM26 -> 0
A27: Production add M- 1 | CI27: =SUM(F27:CG27) -> 0 | CL27: =CI27+CJ27 -> 0 | CN27: =CL27+CM27 -> 0
A28: Production add M- 1 | CI28: =SUM(F28:CG28) -> 0 | CL28: =CI28+CJ28 -> 0 | CN28: =CL28+CM28 -> 0
A29: Production add M- 1 | CI29: =SUM(F29:CG29) -> 0 | CL29: =CI29+CJ29 -> 0 | CN29: =CL29+CM29 -> 0
A30: Production add M- 1 | CI30: =SUM(F30:CG30) -> 0 | CL30: =CI30+CJ30 -> 0 | CN30: =CL30+CM30 -> 0 | CO30: ='Jordan Chair'!AH38 -> 627 | CP30: ='Tea Table'!X29 -> 0 | CQ30: =CL36+CO30+CP30 -> 627
A31: Production add M- 1 | CI31: =SUM(F31:CG31) -> 0 | CL31: =CI31+CJ31 -> 0 | CN31: =CL31+CM31 -> 0
A32: Production add M- 1 | CI32: =SUM(F32:CG32) -> 0 | CL32: =CI32+CJ32 -> 0 | CN32: =CL32+CM32 -> 0
A33: Production add M- 1 | CI33: =SUM(F33:CG33) -> 0 | CL33: =CI33+CJ33 -> 0 | CN33: =CL33+CM33 -> 0
A34: Production add M- 1 | CI34: =SUM(F34:CG34) -> 0 | CL34: =CI34+CJ34 -> 0 | CN34: =CL34+CM34 -> 0
CI35: =BB35+BC35+BD35 -> 0 | CL35: =CI35+CJ35 -> 0 | CN35: =CL35+CM35 -> 0
A36: Production Machine - 1 | F36: =SUM(F5:F35) -> 0 | G36: =SUM(G5:G35) -> 0 | H36: =SUM(H5:H35) -> 0 | I36: =SUM(I5:I35) -> 0 | J36: =SUM(J5:J35) -> 0 | K36: =SUM(K5:K35) -> 0 | L36: =SUM(L5:L35) -> 0 | M36: =SUM(M5:M35) -> 0 | ... CN36: =SUM(CN5:CN35) -> 0
F38: 2001(Flower) | O38: 5001 (Maharaja) | X38: 5002 (Maharaja) | AG38: =AG2 -> 5003 (Flower) | AP38: =AP2 -> 6001 (Goli) | AY38: =AY2 -> 6002 (Chattai) | BH38: =BH2 -> 6003 (Patti) | BQ38: =BQ2 -> 2002 | BZ38: 10001 (Goli)/ Red 1001
A39: Production M-2 | B39: Name | C39: B.No. | D39: Date | F39: S-W | G39: G.B | H39: B.Silver | I39: A.Gold | J39: M.Bz | K39: P.Silver | L39: R-W | M39: Brown | O39: S-W | P39: C-W | Q39: Silver | R39: KR | S39: M.Bz | T39: BCM | U39: R-W | V39: Red | X39: A.Gold | Y39: C-W | Z39: Karara | AA39: P-Silver | AB39: M.Bz | AC39: Blue,5003 | AD39: R-W | AE39: 5003, Orange | AG39: P.Pink | AH39: P.Green | AI39: R-W | AJ39: M.Bz | AK39: B-Silver | AL39: Brown | AM39: S.Wood | AP39: P.Green | AQ39: M.Pink | AR39: P.White | AS39: M.B | AT39: Red First | AU39: P.Pink | AV39: Brown First | AW39: M.B. | AY39: P-Silver | AZ39: S-Wood | BA39: A.Gold | BB39: Black | BC39: M.Bz | BD39: Brown | BE39: White | BF39: Mix | BH39: S-W | BI39: B-Black | BJ39: T-Wood | BK39: S-Black | BL39: M.Bz | BM39: OK | BN39: R-W | BO39: Gold | BQ39: S-W | BR39: A.G | BS39: B.Silver | BT39: Brown | BU39: M.Bz | BV39: B.G | BW39: R-W | BX39: Red | BZ39: Mix | CA39: C-W | CB39: Silver black | CC39: 2001OK | CD39: M.Bz | CE39: Brown | CF39: R-W | CG39: S-Wood | CI39: Fresh | CJ39: C-Mix | CL39: Total | CM39: G.Rejn | CN39: G.Total
A40: Production add M- 2 | B40: Pushpanjli | D40: 46126 | BZ40: =26*16 -> 416 | CI40: =SUM(F40:CG40) -> 416 | CL40: =CI40+CJ40 -> 416 | CM40: 17 | CN40: =CL40+CM40 -> 433
A41: Production add M- 2 | B41: Pushpanjli | D41: 46127 | BZ41: =20*16+28*16 -> 768 | CI41: =SUM(F41:CG41) -> 768 | CL41: =CI41+CJ41 -> 768 | CM41: =16+25 -> 41 | CN41: =CL41+CM41 -> 809
A42: Production add M- 2 | B42: Pushpanjli | D42: 46128 | BZ42: =33*16+22*16 -> 880 | CI42: =SUM(F42:CG42) -> 880 | CL42: =CI42+CJ42 -> 880 | CM42: =11+30 -> 41 | CN42: =CL42+CM42 -> 921 | CO42: Small
A43: Production add M- 2 | B43: Pushpanjli | D43: 46129 | BZ43: =35*16+23*16 -> 928 | CI43: =SUM(F43:CG43) -> 928 | CL43: =CI43+CJ43 -> 928 | CM43: =3+12 -> 15 | CN43: =CL43+CM43 -> 943
A44: Production add M- 2 | B44: Pushpanjli | D44: 46130 | BZ44: =34*16+35*16 -> 1104 | CI44: =SUM(F44:CG44) -> 1104 | CL44: =CI44+CJ44 -> 1104 | CM44: 1 | CN44: =CL44+CM44 -> 1105
A45: Production add M- 2 | B45: Pushpanjli | D45: 46131 | BZ45: =32*16+29*16 -> 976 | CI45: =SUM(F45:CG45) -> 976 | CL45: =CI45+CJ45 -> 976 | CM45: =20+6 -> 26 | CN45: =CL45+CM45 -> 1002
A46: Production add M- 2 | B46: Pushpanjli | D46: 46132 | BZ46: =33*16+32*16 -> 1040 | CI46: =SUM(F46:CG46) -> 1040 | CL46: =CI46+CJ46 -> 1040 | CM46: =2+9 -> 11 | CN46: =CL46+CM46 -> 1051
A47: Production add M- 2 | B47: Pushpanjli | D47: 46133 | BZ47: =29*16+27*16 -> 896 | CI47: =SUM(F47:CG47) -> 896 | CL47: =CI47+CJ47 -> 896 | CM47: 25 | CN47: =SUM(CL47:CM47) -> 921
A48: Production add M- 2 | B48: Pushpanjli | D48: 46134 | BZ48: =32*16+28*16 -> 960 | CI48: =SUM(F48:CG48) -> 960 | CL48: =CI48+CJ48 -> 960 | CM48: =13+10 -> 23 | CN48: =CL48+CM48 -> 983
A49: Production add M- 2 | B49: Pushpanjli | D49: 46135 | BZ49: =17*16+34*16 -> 816 | CI49: =SUM(F49:CG49) -> 816 | CL49: =CI49+CJ49 -> 816 | CM49: =4+4 -> 8 | CN49: =CL49+CM49 -> 824
A50: Production add M- 2 | B50: Pushpanjli | D50: 46136 | BZ50: =32*16+30*16 -> 992 | CI50: =SUM(F50:CG50) -> 992 | CL50: =CI50+CJ50 -> 992 | CM50: =15+16 -> 31 | CN50: =CL50+CM50 -> 1023
A51: Production add M- 2 | B51: Pushpanjli | D51: 46137 | BZ51: =32*16+31*16 -> 1008 | CI51: =SUM(F51:CG51) -> 1008 | CL51: =CI51+CJ51 -> 1008 | CM51: =2+13 -> 15 | CN51: =CL51+CM51 -> 1023
A52: Production add M- 2 | B52: Pushpanjli | D52: 46138 | BZ52: =31*16+31*16 -> 992 | CI52: =SUM(F52:CG52) -> 992 | CL52: =CI52+CJ52 -> 992 | CM52: =26+9 -> 35 | CN52: =CL52+CM52 -> 1027
A53: Production add M- 2 | B53: Pushpanjli | D53: 46139 | BZ53: =33*16+29*16 -> 992 | CI53: =SUM(F53:CG53) -> 992 | CL53: =CI53+CJ53 -> 992 | CM53: =5+24 -> 29 | CN53: =CL53+CM53 -> 1021
A54: Production add M- 2 | B54: Pushpanjli | D54: 46140 | BZ54: =31*16+28*16 -> 944 | CI54: =SUM(F54:CG54) -> 944 | CL54: =CI54+CJ54 -> 944 | CM54: =9+28 -> 37 | CN54: =CL54+CM54 -> 981
A55: Production add M- 2 | B55: Pushpanjli | D55: 46141 | BZ55: =31*16+22*16 -> 848 | CI55: =SUM(F55:CG55) -> 848 | CL55: =CI55+CJ55 -> 848 | CM55: =5+30 -> 35 | CN55: =CL55+CM55 -> 883
A56: Production add M- 2 | B56: Pushpanjli | CI56: =SUM(F56:CG56) -> 0 | CL56: =CI56+CJ56 -> 0 | CN56: =CL56+CM56 -> 0
A57: Production add M- 2 | B57: Pushpanjli | CI57: =SUM(F57:CG57) -> 0 | CL57: =CI57+CJ57 -> 0 | CN57: =CL57+CM57 -> 0
A58: Production add M- 2 | B58: Pushpanjli | CI58: =SUM(F58:CG58) -> 0 | CL58: =CI58+CJ58 -> 0 | CN58: =CL58+CM58 -> 0
A59: Production add M- 2 | B59: Pushpanjli | CI59: =SUM(F59:CG59) -> 0 | CL59: =CI59+CJ59 -> 0 | CN59: =CL59+CM59 -> 0
A60: Production add M- 2 | B60: Pushpanjli | CI60: =SUM(F60:CG60) -> 0 | CL60: =CI60+CJ60 -> 0 | CN60: =CL60+CM60 -> 0
A61: Production add M- 2 | CI61: =SUM(F61:CG61) -> 0 | CL61: =CI61+CJ61 -> 0 | CN61: =CL61+CM61 -> 0
A62: Production add M- 2 | CI62: =SUM(F62:CG62) -> 0 | CL62: =CI62+CJ62 -> 0 | CN62: =CL62+CM62 -> 0
A63: Production add M- 2 | CI63: =SUM(F63:CG63) -> 0 | CL63: =CI63+CJ63 -> 0 | CN63: =CL63+CM63 -> 0
A64: Production add M- 2 | CI64: =SUM(F64:CG64) -> 0 | CL64: =CI64+CJ64 -> 0 | CN64: =CL64+CM64 -> 0
A65: Production add M- 2 | CI65: =SUM(F65:CG65) -> 0 | CL65: =CI65+CJ65 -> 0 | CN65: =CL65+CM65 -> 0
A66: Production add M- 2 | CI66: =SUM(F66:CG66) -> 0 | CL66: =CI66+CJ66 -> 0 | CN66: =CL66+CM66 -> 0
A67: Production add M- 2 | CI67: =SUM(F67:CG67) -> 0 | CL67: =CI67+CJ67 -> 0 | CN67: =CL67+CM67 -> 0
A68: Production add M- 2 | CI68: =SUM(F68:CG68) -> 0 | CL68: =CI68+CJ68 -> 0 | CN68: =CL68+CM68 -> 0 | CO68: Small | CP68: Table | CQ68: Production
A69: Production add M- 2 | CI69: =SUM(F69:CG69) -> 0 | CL69: =CI69+CJ69 -> 0 | CN69: =CL69+CM69 -> 0 | CO69: ='Jordan Chair'!AH53 -> 0 | CP69: ='Tea Table'!X85 -> 0 | CQ69: =CL77+CO69+CP69 -> 14560
A70: Production add M- 2 | CI70: =SUM(F70:CG70) -> 0 | CL70: =CI70+CJ70 -> 0 | CN70: =CL70+CM70 -> 0
A71: Production add M- 2 | CI71: =SUM(F71:CG71) -> 0 | CL71: =CI71+CJ71 -> 0 | CN71: =CL71+CM71 -> 0
A72: Production add M- 2 | CI72: =SUM(F72:CG72) -> 0 | CL72: =CI72+CJ72 -> 0 | CN72: =CL72+CM72 -> 0
A73: Production add M- 2 | CI73: =SUM(F73:CG73) -> 0 | CL73: =CI73+CJ73 -> 0 | CN73: =CL73+CM73 -> 0
A74: Production add M- 2 | CI74: =SUM(F74:CG74) -> 0 | CL74: =CI74+CJ74 -> 0 | CN74: =CL74+CM74 -> 0
A75: Production add M- 2 | CI75: =SUM(F75:CG75) -> 0 | CL75: =CI75+CJ75 -> 0 | CN75: =CL75+CM75 -> 0
A76: Production add M- 2 | CI76: =SUM(F76:CG76) -> 0 | CL76: =CI76+CJ76 -> 0 | CN76: =CL76+CM76 -> 0
A77: Production Machine - 2 | F77: =SUM(F40:F76) -> 0 | G77: =SUM(G40:G76) -> 0 | H77: =SUM(H40:H76) -> 0 | I77: =SUM(I40:I76) -> 0 | J77: =SUM(J40:J76) -> 0 | K77: =SUM(K40:K76) -> 0 | L77: =SUM(L40:L76) -> 0 | M77: =SUM(M40:M76) -> 0 | ... CN77: =SUM(CN40:CN76) -> 14950
F79: 2001(Flower) | O79: 5001 (Maharaja) | X79: 5002 (Maharaja) | AG79: 5003 (Flower) | AP79: 6001 (Goli) | BH79: 6003 (Patti) | BQ79: 2001(New) | BZ79: 10001 (Goli)/ Red 1001
A80: Production M-3 | B80: Name | C80: B.No. | D80: Date | F80: S-W | G80: G.B | H80: Silver | I80: A.Gold | J80: M.Bz | K80: P.Silver | L80: R-W | M80: Brown | O80: S-W | P80: C-W | Q80: B-Silver | R80: KR | S80: M.Bz | T80: BCM | U80: R-W | V80: Red | X80: A.Gold | Y80: C-W | Z80: Karara | AA80: P-Silver | AB80: M.Bz | AC80: Blue,5003 | AD80: Red F | AE80: 5003, Orange | AG80: P.Pink | AH80: P.Green | AI80: R-W | AJ80: M.Bz | AK80: B-Silver | AL80: Brown | AM80: S.Wood | AN80: A.Gold | AP80: P.Green | AQ80: M.Pink | AR80: P.White | AS80: M.B | AT80: Red First | AU80: P.Pink | AV80: Brown First | AW80: M.B. | AY80: P-Silver | AZ80: S-Wood | BA80: A.Gold | BB80: Black | BC80: M.Bz | BD80: Brown | BE80: White | BF80: B.Gold | BH80: S-W | BI80: G-Black | BJ80: T-Wood | BK80: S-Black | BL80: M.Bz | BM80: A.G | BN80: R-W | BO80: Gold | BQ80: Red First | BS80: Orange | BU80: D.Green | BW80: Yellow | BZ80: Mix | CA80: C-W | CB80: Silver | CC80: 2001OK | CD80: M.Bz | CE80: Brown | CF80: R-W | CG80: S-Wood | CI80: Fresh | CJ80: C-Mix | CL80: Total | CM80: G.Rejn | CN80: G.Total
A81: Production add M- 3 | CI81: =SUM(F81:CG81) -> 0 | CL81: =CI81+CJ81 -> 0 | CN81: =CL81+CM81 -> 0
A82: Production add M- 3 | B82: Pushpanjli | CI82: =SUM(F82:CG82) -> 0 | CL82: =CI82+CJ82 -> 0 | CN82: =CL82+CM82 -> 0
A83: Production add M- 3 | B83: Pushpanjli | CI83: =SUM(F83:CG83) -> 0 | CL83: =CI83+CJ83 -> 0 | CN83: =CL83+CM83 -> 0
A84: Production add M- 3 | B84: Pushpanjli | CI84: =SUM(F84:CG84) -> 0 | CL84: =CI84+CJ84 -> 0 | CN84: =CL84+CM84 -> 0
A85: Production add M- 3 | B85: Pushpanjli | CI85: =SUM(F85:CG85) -> 0 | CL85: =CI85+CJ85 -> 0 | CN85: =CL85+CM85 -> 0
A86: Production add M- 3 | CI86: =SUM(F86:CG86) -> 0 | CL86: =CI86+CJ86 -> 0 | CN86: =CL86+CM86 -> 0
A87: Production add M- 3 | CI87: =SUM(F87:CG87) -> 0 | CL87: =CI87+CJ87 -> 0 | CN87: =CL87+CM87 -> 0
A88: Production add M- 3 | CI88: =SUM(F88:CG88) -> 0 | CL88: =CI88+CJ88 -> 0 | CN88: =CL88+CM88 -> 0
A89: Production add M- 3 | CI89: =SUM(F89:CG89) -> 0 | CL89: =CI89+CJ89 -> 0 | CN89: =CL89+CM89 -> 0
A90: Production add M- 3 | CI90: =SUM(F90:CG90) -> 0 | CL90: =CI90+CJ90 -> 0 | CN90: =CL90+CM90 -> 0
A91: Production add M- 3 | CI91: =SUM(F91:CG91) -> 0 | CL91: =CI91+CJ91 -> 0 | CN91: =CL91+CM91 -> 0
A92: Production add M- 3 | CI92: =SUM(F92:CG92) -> 0 | CL92: =CI92+CJ92 -> 0 | CN92: =CL92+CM92 -> 0
A93: Production add M- 3 | CI93: =SUM(F93:CG93) -> 0 | CL93: =CI93+CJ93 -> 0 | CN93: =CL93+CM93 -> 0
A94: Production add M- 3 | CI94: =SUM(F94:CG94) -> 0 | CL94: =CI94+CJ94 -> 0 | CN94: =CL94+CM94 -> 0
A95: Production add M- 3 | CI95: =SUM(F95:CG95) -> 0 | CL95: =CI95+CJ95 -> 0 | CN95: =CL95+CM95 -> 0
A96: Production add M- 3 | CI96: =SUM(F96:CG96) -> 0 | CL96: =CI96+CJ96 -> 0 | CN96: =CL96+CM96 -> 0
A97: Production add M- 3 | CI97: =SUM(F97:CG97) -> 0 | CL97: =CI97+CJ97 -> 0 | CN97: =CL97+CM97 -> 0
... A101: Production add M- 3 | CI101: =SUM(F101:CG101) -> 0 | CL101: =CI101+CJ101 -> 0 | CN101: =CL101+CM101 -> 0
A102: Production add M- 3 | CI102: =SUM(F102:CG102) -> 0 | CL102: =CI102+CJ102 -> 0 | CN102: =CL102+CM102 -> 0 | CO102: Small | CP102: Table | CQ102: Production
A103: Production add M- 3 | CI103: =SUM(F103:CG103) -> 0 | CL103: =CI103+CJ103 -> 0 | CN103: =CL103+CM103 -> 0 | CO103: ='Jordan Chair'!AH167 -> 3423 | CP103: ='Tea Table'!X200 -> 6929 | CQ103: =CL112+CO103+CP103 -> 10352
A104: Production add M- 3 | CI104: =SUM(F104:CG104) -> 0 | CL104: =CI104+CJ104 -> 0 | CN104: =CL104+CM104 -> 0
A105: Production add M- 3 | CI105: =SUM(F105:CG105) -> 0 | CL105: =CI105+CJ105 -> 0 | CN105: =CL105+CM105 -> 0
A106: Production add M- 3 | CI106: =SUM(F106:CG106) -> 0 | CL106: =CI106+CJ106 -> 0 | CN106: =CL106+CM106 -> 0
A107: Production add M- 3 | CI107: =SUM(F107:CG107) -> 0 | CL107: =CI107+CJ107 -> 0 | CN107: =CL107+CM107 -> 0
A108: Production add M- 3 | CI108: =SUM(F108:CG108) -> 0 | CL108: =CI108+CJ108 -> 0 | CN108: =CL108+CM108 -> 0
A109: Production add M- 3 | CI109: =SUM(F109:CG109) -> 0 | CL109: =CI109+CJ109 -> 0 | CN109: =CL109+CM109 -> 0
...

Sheet Sumo
A1: Finished Production of Table - Period on Dated | O1: 1 | P1: 4 | Q1: 2026
E2: Sumo - 301
A3: Production M-1 | B3: Name | C3: B.No. | D3: Date | E3: S-W | F3: Coloured | G3: Red | H3: P-Pink | I3: B. Gold | J3: Orange | K3: P-White | L3: Silver.B | M3: P. Silver | N3: A.Gold | O3: P.Green | P3: M.Bz | Q3: Black | R3: R-W | S3: Brown | U3: Fresh | V3: C-Mix | X3: Total | Y3: G.Rejn | Z3: G.Total
A4: Opening Stock as on | B4: Pushpanjli | N4: =13*16 -> 208 | P4: =18*16 -> 288 | U4: =SUM(E4:S4) -> 496 | X4: =U4+V4 -> 496 | Z4: =X4+Y4 -> 496
A5: Production add M- 1 | U5: =SUM(E5:S5) -> 0 | X5: =U5+V5 -> 0 | Z5: =X5+Y5 -> 0
A6: Production add M- 1 | U6: =SUM(E6:S6) -> 0 | X6: =U6+V6 -> 0 | Z6: =X6+Y6 -> 0
A7: Production add M- 1 | U7: =SUM(E7:S7) -> 0 | X7: =U7+V7 -> 0 | Z7: =X7+Y7 -> 0
A8: Production add M- 1 | U8: =SUM(E8:S8) -> 0 | X8: =U8+V8 -> 0 | Z8: =X8+Y8 -> 0
A9: Production add M- 1 | U9: =SUM(E9:S9) -> 0 | X9: =U9+V9 -> 0 | Z9: =X9+Y9 -> 0
A10: Production add M- 1 | U10: =SUM(E10:S10) -> 0 | X10: =U10+V10 -> 0 | Z10: =X10+Y10 -> 0
A11: Production add M- 1 | U11: =SUM(E11:S11) -> 0 | X11: =U11+V11 -> 0 | Z11: =X11+Y11 -> 0
A12: Production add M- 1 | U12: =SUM(E12:S12) -> 0 | X12: =U12+V12 -> 0 | Z12: =X12+Y12 -> 0
A13: Production add M- 1 | U13: =SUM(E13:S13) -> 0 | X13: =U13+V13 -> 0 | Z13: =X13+Y13 -> 0
A14: Production add M- 1 | U14: =SUM(E14:S14) -> 0 | X14: =U14+V14 -> 0 | Z14: =X14+Y14 -> 0
A15: Production add M- 1 | U15: =SUM(E15:S15) -> 0 | X15: =U15+V15 -> 0 | Z15: =X15+Y15 -> 0
A16: Production add M- 1 | U16: =SUM(E16:S16) -> 0 | X16: =U16+V16 -> 0 | Z16: =X16+Y16 -> 0
... A19: Production add M- 1 | U19: =SUM(E19:S19) -> 0 | X19: =U19+V19 -> 0 | Z19: =X19+Y19 -> 0
A20: Production add M- 1 | U20: =SUM(E20:S20) -> 0 | X20: =U20+V20 -> 0 | Z20: =X20+Y20 -> 0 | AA20: Big Chair | AB20: Small Chair | AC20: Total Pro
A21: Production add M- 1 | U21: =SUM(E21:S21) -> 0 | X21: =U21+V21 -> 0 | Z21: =X21+Y21 -> 0 | AA21: Big Chair | AB21: Small Chair | AC21: Total Pro
A22: Production add M- 1 | U22: =SUM(E22:S22) -> 0 | X22: =U22+V22 -> 0 | Z22: =X22+Y22 -> 0 | AA22: Big Chair | AB22: Small Chair | AC22: Total Pro
A23: Production add M- 1 | U23: =SUM(E23:S23) -> 0 | X23: =U23+V23 -> 0 | Z23: =X23+Y23 -> 0 | AA23: Big Chair | AB23: Small Chair | AC23: Total Pro
A24: Production add M- 1 | U24: =SUM(E24:S24) -> 0 | X24: =U24+V24 -> 0 | Z24: =X24+Y24 -> 0 | AA24: Big Chair | AB24: Small Chair | AC24: Total Pro
A25: Production add M- 1 | U25: =SUM(E25:S25) -> 0 | X25: =U25+V25 -> 0 | Z25: =X25+Y25 -> 0 | AA25: Big Chair | AB25: Small Chair | AC25: Total Pro
A26: Production add M- 1 | U26: =SUM(E26:S26) -> 0 | X26: =U26+V26 -> 0 | Z26: =X26+Y26 -> 0 | AA26: Big Chair | AB26: Small Chair | AC26: Total Pro
A27: Production Machine - 1 | E27: =SUM(E5:E26) -> 0 | F27: =SUM(F5:F26) -> 0 | G27: =SUM(G5:G26) -> 0 | H27: =SUM(H5:H26) -> 0 | I27: =SUM(I5:I26) -> 0 | J27: =SUM(J5:J26) -> 0 | K27: =SUM(K5:K26) -> 0 | L27: =SUM(L5:L26) -> 0 | ... S27: =SUM(S5:S26) -> 0 | U27: =SUM(U5:U26) -> 0 | V27: =SUM(V5:V26) -> 0 | W27: =SUM(W5:W26) -> 0 | X27: =SUM(X5:X26) -> 0 | Y27: =SUM(Y5:Y26) -> 0 | Z27: =SUM(Z5:Z26) -> 0 | AA27: ='BIG CHAIR'!CL36 -> 0 | AB27: ='Jordan Chair'!AH38 -> 627 | AC27: =X27+AA27+AB27 -> 627
A29: Production M-2 | B29: Name | C29: B.No. | D29: Date | E29: S-W | F29: Coloured | G29: Red | H29: P-Pink | I29: Gold | J29: Orange | K29: P-White | L29: Silver.B | M29: P.Silver | N29: A.Gold | O29: P.Green | P29: M.Bz | Q29: Black | R29: R-W | S29: Brown | U29: Fresh | V29: C-Mix | X29: Total | Y29: G.Rejn | Z29: G.Total
A30: Production add M- 2 | U30: =SUM(E30:S30) -> 0 | X30: =U30+V30 -> 0 | Z30: =X30+Y30 -> 0
A31: Production add M- 2 | U31: =SUM(E31:S31) -> 0 | X31: =U31+V31 -> 0 | Z31: =X31+Y31 -> 0
A32: Production add M- 2 | U32: =SUM(E32:S32) -> 0 | X32: =U32+V32 -> 0 | Z32: =X32+Y32 -> 0
A33: Production add M- 2 | U33: =SUM(E33:S33) -> 0 | X33: =U33+V33 -> 0 | Z33: =X33+Y33 -> 0
A34: Production add M- 2 | U34: =SUM(E34:S34) -> 0 | X34: =U34+V34 -> 0 | Z34: =X34+Y34 -> 0
A35: Production add M- 2 | U35: =SUM(E35:S35) -> 0 | X35: =U35+V35 -> 0 | Z35: =X35+Y35 -> 0
A36: Production add M- 2 | U36: =SUM(E36:S36) -> 0 | X36: =U36+V36 -> 0 | Z36: =X36+Y36 -> 0
A37: Production add M- 2 | U37: =SUM(E37:S37) -> 0 | X37: =U37+V37 -> 0 | Z37: =X37+Y37 -> 0
A38: Production add M- 2 | U38: =SUM(E38:S38) -> 0 | X38: =U38+V38 -> 0 | Z38: =X38+Y38 -> 0
A39: Production add M- 2 | U39: =SUM(E39:S39) -> 0 | X39: =U39+V39 -> 0 | Z39: =X39+Y39 -> 0
A40: Production add M- 2 | U40: =SUM(E40:S40) -> 0 | X40: =U40+V40 -> 0 | Z40: =X40+Y40 -> 0
A41: Production add M- 2 | U41: =SUM(E41:S41) -> 0 | X41: =U41+V41 -> 0 | Z41: =X41+Y41 -> 0
... A53: Production add M- 2 | U53: =SUM(E53:S53) -> 0 | X53: =U53+V53 -> 0 | Z53: =X53+Y53 -> 0
A54: Production add M- 2 | U54: =SUM(E54:S54) -> 0 | X54: =U54+V54 -> 0 | Z54: =X54+Y54 -> 0 | AA54: Big Chair | AB54: Small Chair | AC54: Total Pro
A55: Production add M- 2 | U55: =SUM(E55:S55) -> 0 | X55: =U55+V55 -> 0 | Z55: =X55+Y55 -> 0 | AA55: Big Chair | AB55: Small Chair | AC55: Total Pro
A56: Production Machine - 2 | E56: =SUM(E30:E55) -> 0 | F56: =SUM(F30:F55) -> 0 | G56: =SUM(G30:G55) -> 0 | H56: =SUM(H30:H55) -> 0 | I56: =SUM(I30:I55) -> 0 | J56: =SUM(J30:J55) -> 0 | K56: =SUM(K30:K55) -> 0 | L56: =SUM(L30:L55) -> 0 | ... S56: =SUM(S30:S55) -> 0 | U56: =SUM(U30:U55) -> 0 | V56: =SUM(V30:V55) -> 0 | X56: =SUM(X30:X55) -> 0 | Y56: =SUM(Y30:Y55) -> 0 | Z56: =SUM(Z30:Z55) -> 0 | AA56: ='BIG CHAIR'!CL42 -> 880 | AB56: ='Jordan Chair'!AH26 -> 0 | AC56: =X56+AA56+AB56 -> 880
A57: Production M-3 | B57: Name | C57: B.No. | D57: Date | E57: S-W | F57: P. BLUE | G57: Red | H57: P-Pink | I57: Gold | J57: Orange | K57: P-White | L57: Silver.B | M57: P.Silver | N57: A.Gold | O57: P.Green | P57: M.Bz | Q57: Black | R57: R-W | S57: Brown | U57: Fresh | V57: C-Mix | X57: Total | Y57: G.Rejn | Z57: G.Total
A58: Production add M- 3 | D58: 46127 | S58: =10*16+26*16 -> 576 | U58: =SUM(E58:S58) -> 576 | V58: 1 | X58: =U58+V58 -> 577 | Y58: =10+7 -> 17 | Z58: =X58+Y58 -> 594
A59: Production add M- 3 | D59: 46128 | S59: =27*16+17*16 -> 704 | U59: =SUM(E59:S59) -> 704 | V59: 1 | X59: =U59+V59 -> 705 | Y59: =6+10 -> 16 | Z59: =X59+Y59 -> 721
A60: Production add M- 3 | D60: 46129 | N60: =24*16 -> 384 | S60: =6*16 -> 96 | U60: =SUM(E60:S60) -> 480 | V60: 6 | X60: =U60+V60 -> 486 | Y60: 2 | Z60: =X60+Y60 -> 488
A61: production add M-3 | D61: 46130 | N61: =1*16 -> 16 | U61: =SUM(E61:S61) -> 16 | X61: =U61+V61 -> 16 | Z61: =X61+Y61 -> 16
A62: production add M-3 | U62: =SUM(E62:S62) -> 0 | X62: =U62+V62 -> 0 | Z62: =X62+Y62 -> 0
A63: Production add M-3 | U63: =SUM(E63:S63) -> 0 | X63: =U63+V63 -> 0 | Z63: =X63+Y63 -> 0
A64: Production add M-3 | U64: =SUM(E64:S64) -> 0 | X64: =U64+V64 -> 0 | Z64: =X64+Y64 -> 0
A65: Production add M-3 | U65: =SUM(E65:S65) -> 0 | X65: =U65+V65 -> 0 | Z65: =X65+Y65 -> 0
A66: Production add M-3 | U66: =SUM(E66:S66) -> 0 | X66: =U66+V66 -> 0 | Z66: =X66+Y66 -> 0
A67: Production add M-3 | U67: =SUM(E67:S67) -> 0 | X67: =U67+V67 -> 0 | Z67: =X67+Y67 -> 0
A68: Production add M-3 | U68: =SUM(E68:S68) -> 0 | X68: =U68+V68 -> 0 | Z68: =X68+Y68 -> 0
A69: Production add M-3 | U69: =SUM(E69:S69) -> 0 | X69: =U69+V69 -> 0 | Z69: =X69+Y69 -> 0
A70: Production add M-3 | U70: =SUM(E70:S70) -> 0 | X70: =U70+V70 -> 0 | Z70: =X70+Y70 -> 0
A71: Production add M-3 | U71: =SUM(E71:S71) -> 0 | X71: =U71+V71 -> 0 | Z71: =X71+Y71 -> 0
A72: Production add M-3 | U72: =SUM(E72:S72) -> 0 | X72: =U72+V72 -> 0 | Z72: =X72+Y72 -> 0
A73: Production add M-3 | U73: =SUM(E73:S73) -> 0 | X73: =U73+V73 -> 0 | Z73: =X73+Y73 -> 0
... A80: Production add M-3 | U80: =SUM(E80:S80) -> 0 | X80: =U80+V80 -> 0 | Z80: =X80+Y80 -> 0
A81: Production add M-3 | U81: =SUM(E81:S81) -> 0 | X81: =U81+V81 -> 0 | Z81: =X81+Y81 -> 0 | AA81: Big Chair | AB81: Small Chair | AC81: Total Pro
A82: Production add M-3 | U82: =SUM(E82:S82) -> 0 | X82: =U82+V82 -> 0 | Z82: =X82+Y82 -> 0 | AA82: ='BIG CHAIR'!CL77 -> 14560 | AB82: ='Jordan Chair'!AH53 -> 0 | AC82: =X83+AA82+AB82 -> 16344
A83: Production Machine - 3 | E83: =SUM(E58:E82) -> 0 | F83: =SUM(F58:F82) -> 0 | G83: =SUM(G58:G82) -> 0 | H83: =SUM(H58:H82) -> 0 | I83: =SUM(I58:I82) -> 0 | J83: =SUM(J58:J82) -> 0 | K83: =SUM(K58:K82) -> 0 | L83: =SUM(L58:L82) -> 0 | ... S83: =SUM(S58:S82) -> 1376 | U83: =SUM(U58:U82) -> 1776 | V83: =SUM(V58:V82) -> 8 | X83: =SUM(X58:X82) -> 1784 | Y83: =SUM(Y58:Y82) -> 35 | Z83: =SUM(Z58:Z82) -> 1819
A84: Production M-4 | B84: Name | C84: B.No. | D84: Date | F84: Coloured | G84: Red | I84: Gold | U84: Fresh | V84: C-Mix | X84: Total | Y84: G.Rejn | Z84: G.Total
A85: Production add M- 4 | U85: =SUM(E85:S85) -> 0 | X85: =U85+V85 -> 0 | Z85: =X85+Y85 -> 0
A86: Production add M- 4 | U86: =SUM(E86:S86) -> 0 | X86: =U86+V86 -> 0 | Z86: =X86+Y86 -> 0
A87: Production add M- 4 | U87: =SUM(E87:S87) -> 0 | X87: =U87+V87 -> 0 | Z87: =X87+Y87 -> 0
A88: Production add M- 4 | U88: =SUM(E88:S88) -> 0 | X88: =U88+V88 -> 0 | Z88: =X88+Y88 -> 0
A89: Production add M- 4 | U89: =SUM(E89:S89) -> 0 | X89: =U89+V89 -> 0 | Z89: =X89+Y89 -> 0
A90: Production add M- 4 | U90: =SUM(E90:S90) -> 0 | X90: =U90+V90 -> 0 | Z90: =X90+Y90 -> 0
A91: Production add M- 4 | U91: =SUM(E91:S91) -> 0 | X91: =U91+V91 -> 0 | Z91: =X91+Y91 -> 0
A92: Production add M- 4 | U92: =SUM(E92:S92) -> 0 | X92: =U92+V92 -> 0 | Z92: =X92+Y92 -> 0
A93: Production add M- 4 | U93: =SUM(E93:S93) -> 0 | X93: =U93+V93 -> 0 | Z93: =X93+Y93 -> 0
A94: Production add M- 4 | U94: =SUM(E94:S94) -> 0 | X94: =U94+V94 -> 0 | Z94: =X94+Y94 -> 0
A95: Production add M- 4 | U95: =SUM(E95:S95) -> 0 | X95: =U95+V95 -> 0 | Z95: =X95+Y95 -> 0
A96: Production add M- 4 | U96: =SUM(E96:S96) -> 0 | X96: =U96+V96 -> 0 | Z96: =X96+Y96 -> 0
... A107: Production add M- 4 | U107: =SUM(E107:S107) -> 0 | X107: =U107+V107 -> 0 | Z107: =X107+Y107 -> 0
A108: Production add M- 4 | U108: =SUM(E108:S108) -> 0 | X108: =U108+V108 -> 0 | Z108: =X108+Y108 -> 0 | AA108: Big Chair | AB108: Small Chair | AC108: Total Pro
A109: Production add M- 4 | U109: =SUM(E109:S109) -> 0 | X109: =U109+V109 -> 0 | Z109: =X109+Y109 -> 0 | AA109: ='BIG CHAIR'!CL104 -> 0 | AB109: ='Jordan Chair'!AH145 -> 0 | AC109: =X110+AA109+AB109 -> 0
A110: Production Machine - 4 | E110: =SUM(E85:E109) -> 0 | F110: =SUM(F85:F109) -> 0 | G110: =SUM(G85:G109) -> 0 | H110: =SUM(H85:H109) -> 0 | I110: =SUM(I85:I109) -> 0 | J110: =SUM(J85:J109) -> 0 | K110: =SUM(K85:K109) -> 0 | L110: =SUM(L85:L109) -> 0 | ... S110: =SUM(S85:S109) -> 0 | U110: =SUM(U85:U109) -> 0 | V110: =SUM(V85:V109) -> 0 | X110: =SUM(X85:X109) -> 0 | Y110: =SUM(Y85:Y109) -> 0 | Z110: =SUM(Z85:Z109) -> 0
A111: Production M-5 | B111: Name | C111: B.No. | D111: Date | E111: S-W | F111: Coloured | G111: Red | H111: P-Pink | I111: Gold | J111: Orange | K111: P-White | L111: Silver.B | M111: P. Silver | N111: A.Gold | O111: P.Green | P111: M.Bz | Q111: Black | R111: R-W | S111: Brown | U111: Fresh | V111: C-Mix | X111: Total | Y111: G.Rejn | Z111: G.Total
A112: Production add M- 5 | U112: =SUM(E112:S112) -> 0 | X112: =U112+V112 -> 0 | Z112: =X112+Y112 -> 0
A113: Production add M- 5 | U113: =SUM(E113:S113) -> 0 | X113: =U113+V113 -> 0 | Z113: =X113+Y113 -> 0
A114: Production add M- 5 | U114: =SUM(E114:S114) -> 0 | X114: =U114+V114 -> 0 | Z114: =X114+Y114 -> 0
A115: Production add M- 5 | U115: =SUM(E115:S115) -> 0 | X115: =U115+V115 -> 0 | Z115: =X115+Y115 -> 0
A116: Production add M- 5 | U116: =SUM(E116:S116) -> 0 | X116: =U116+V116 -> 0 | Z116: =X116+Y116 -> 0
A117: Production add M- 5 | U117: =SUM(E117:S117) -> 0 | X117: =U117+V117 -> 0 | Z117: =X117+Y117 -> 0
A118: Production add M- 5 | U118: =SUM(E118:S118) -> 0 | X118: =U118+V118 -> 0 | Z118: =X118+Y118 -> 0
A119: Production add M- 5 | U119: =SUM(E119:S119) -> 0 | X119: =U119+V119 -> 0 | Z119: =X119+Y119 -> 0
A120: Production add M- 5 | U120: =SUM(E120:S120) -> 0 | X120: =U120+V120 -> 0 | Z120: =X120+Y120 -> 0
A121: Production add M- 5 | U121: =SUM(E121:S121) -> 0 | X121: =U121+V121 -> 0 | Z121: =X121+Y121 -> 0
A122: Production add M- 5 | U122: =SUM(E122:S122) -> 0 | X122: =U122+V122 -> 0 | Z122: =X122+Y122 -> 0
A123: Production add M- 5 | U123: =SUM(E123:S123) -> 0 | X123: =U123+V123 -> 0 | Z123: =X123+Y123 -> 0
... A134: Production add M- 5 | U134: =SUM(E134:S134) -> 0 | X134: =U134+V134 -> 0 | Z134: =X134+Y134 -> 0
A135: Production add M- 5 | U135: =SUM(E135:S135) -> 0 | X135: =U135+V135 -> 0 | Z135: =X135+Y135 -> 0 | AA135: Big Chair | AB135: Small Chair | AC135: Total Pro
A136: Production add M- 5 | U136: =SUM(E136:S136) -> 0 | X136: =U136+V136 -> 0 | Z136: =X136+Y136 -> 0 | AA136: ='BIG CHAIR'!CL132 -> 0 | AB136: ='Jordan Chair'!AH172 -> 300 | AC136: =X137+AA136+AB136 -> 300
A137: Production Machine - 5 | E137: =SUM(E112:E136) -> 0 | F137: =SUM(F112:F136) -> 0 | G137: =SUM(G112:G136) -> 0 | H137: =SUM(H112:H136) -> 0 | I137: =SUM(I112:I136) -> 0 | J137: =SUM(J112:J136) -> 0 | K137: =SUM(K112:K136) -> 0 | L137: =SUM(L112:L136) -> 0 | ... S137: =SUM(S112:S136) -> 0 | U137: =SUM(U112:U136) -> 0 | V137: =SUM(V112:V136) -> 0 | X137: =SUM(X112:X136) -> 0 | Y137: =SUM(Y112:Y136) -> 0 | Z137: =SUM(Z112:Z136) -> 0
A139: Sales - Return from Parties & TRF. | B139: Name | C139: B.No. | D139: Date | E139: S-W | F139: Coloured | G139: Red | H139: P-Pink | I139: Gold | J139: Orange | K139: P-White | L139: Silver.B | M139: P.Silver | N139: A.Gold | O139: P.Green | P139: M.Bz | Q139: Black | R139: R-W | S139: Brown | U139: Fresh | V139: C-Mix | X139: Total | Y139: G.Rejn | Z139: G.Total
U140: =SUM(E140:S140) -> 0 | X140: =U140+V140 -> 0 | Z140: =X140+Y140 -> 0
U141: =SUM(E141:S141) -> 0 | X141: =U141+V141 -> 0 | Z141: =X141+Y141 -> 0
...

Sheet XUV
A1: Finished Production of New Mould - Period on Dated | J1: 1 | K1: 4 | L1: 25
E2: 8003 ClipON | M2: 8002 (Y) | V2: 8001 (Pearl)
A3: Production M-1 | B3: Name | C3: B.No. | D3: Date | E3: Br.Blue | F3: Black Red | G3: Br.Orange | H3: Black Green | I3: Br.Green | J3: Black Blue | K3: Br.Red | L3: Black Orange | M3: S-W | N3: T.W | O3: B . Silver | P3: B.Gold/Spl | Q3: M.Bz | R3: Brown | S3: R-W | T3: A.Gold | V3: P.Green | W3: A.Gold Red/8003 | X3: P.Pink | Y3: Red | Z3: P.White | AA3: Blue F | AB3: M.Beige F | AC3: Orange | AE3: Fresh | AF3: Mix | AH3: Total | AI3: G.R.C. | AJ3: G.Total
A4: ='Tea Table'!A4 -> Opening Stock as on | I4: =22*16 -> 352 | N4: =19*16 -> 304 | O4: =35*16 -> 560 | P4: =116*16 -> 1856 | Q4: =2*16 -> 32 | R4: =159*16 -> 2544 | T4: =47*16 -> 752 | V4: =14*16 -> 224 | X4: =7*16 -> 112 | Z4: =10*16 -> 160 | AA4: =13*16 -> 208 | AC4: =10*16 -> 160 | AE4: =SUM(E4:AC4) -> 7264 | AH4: =AF4+AE4 -> 7264 | AJ4: =AH4+AI4 -> 7264
A5: Production add M- 1 | D5: 46129 | T5: =4*16 -> 64 | AE5: =SUM(E5:AC5) -> 64 | AF5: 2 | AH5: =AE5+AF5 -> 66 | AI5: 8 | AJ5: =AH5+AI5 -> 74
A6: Production add M- 1 | D6: 46130 | T6: =31*16+15*16 -> 736 | AE6: =SUM(E6:AC6) -> 736 | AF6: =3+6 -> 9 | AH6: =AE6+AF6 -> 745 | AI6: =17+20 -> 37 | AJ6: =AH6+AI6 -> 782
A7: Production add M- 1 | D7: 46131 | T7: =27*16 -> 432 | AE7: =SUM(E7:AC7) -> 432 | AF7: 8 | AH7: =AE7+AF7 -> 440 | AI7: 17 | AJ7: =AH7+AI7 -> 457
A8: Production add M- 1 | D8: 46132 | T8: =21*16 -> 336 | AE8: =SUM(E8:AC8) -> 336 | AF8: 2 | AH8: =AE8+AF8 -> 338 | AI8: 19 | AJ8: =AH8+AI8 -> 357
A9: Production add M- 1 | D9: 46133 | N9: =11*16+26*16 -> 592 | T9: =13*16 -> 208 | AE9: =SUM(E9:AC9) -> 800 | AF9: =2+4 -> 6 | AH9: =AE9+AF9 -> 806 | AI9: =25+5 -> 30 | AJ9: =AH9+AI9 -> 836
A10: Production add M- 1 | D10: 46134 | N10: =3*16 -> 48 | AE10: =SUM(E10:AC10) -> 48 | AH10: =AE10+AF10 -> 48 | AI10: 3 | AJ10: =AH10+AI10 -> 51
A11: Production add M- 1 | AE11: =SUM(E11:AC11) -> 0 | AH11: =AE11+AF11 -> 0 | AJ11: =AH11+AI11 -> 0
A12: Production add M- 1 | AE12: =SUM(E12:AC12) -> 0 | AH12: =AE12+AF12 -> 0 | AJ12: =AH12+AI12 -> 0
A13: Production add M- 1 | AE13: =SUM(E13:AC13) -> 0 | AH13: =AE13+AF13 -> 0 | AJ13: =AH13+AI13 -> 0
A14: Production add M- 1 | AE14: =SUM(E14:AC14) -> 0 | AH14: =AE14+AF14 -> 0 | AJ14: =AH14+AI14 -> 0
A15: Production add M- 1 | AE15: =SUM(E15:AC15) -> 0 | AH15: =AE15+AF15 -> 0 | AJ15: =AH15+AI15 -> 0
A16: Production add M- 1 | AE16: =SUM(E16:AC16) -> 0 | AH16: =AE16+AF16 -> 0 | AJ16: =AH16+AI16 -> 0
A17: Production add M- 1 | AE17: =SUM(E17:AC17) -> 0 | AH17: =AE17+AF17 -> 0 | AJ17: =AH17+AI17 -> 0
A18: Production add M- 1 | AE18: =SUM(E18:AC18) -> 0 | AH18: =AE18+AF18 -> 0 | AJ18: =AH18+AI18 -> 0
A19: Production add M- 1 | AE19: =SUM(E19:AC19) -> 0 | AH19: =AE19+AF19 -> 0 | AJ19: =AH19+AI19 -> 0
A20: Production add M- 1 | AE20: =SUM(E20:AC20) -> 0 | AH20: =AE20+AF20 -> 0 | AJ20: =AH20+AI20 -> 0
A21: Production add M- 1 | AE21: =SUM(E21:AC21) -> 0 | AH21: =AE21+AF21 -> 0 | AJ21: =AH21+AI21 -> 0
A22: Production add M- 1 | AE22: =SUM(E22:AC22) -> 0 | AH22: =AE22+AF22 -> 0 | AJ22: =AH22+AI22 -> 0
... A37: Production add M- 1 | AE37: =SUM(E37:AC37) -> 0 | AH37: =AE37+AF37 -> 0 | AJ37: =AH37+AI37 -> 0
A38: Production add M- 1 | AE38: =SUM(E38:AC38) -> 0 | AH38: =AE38+AF38 -> 0 | AJ38: =AH38+AI38 -> 0 | AK38: Big Chair | AL38: Table | AM38: Total Pro
A39: Production Machine - 1 | E39: =SUM(E5:E38) -> 0 | F39: =SUM(F5:F38) -> 0 | G39: =SUM(G5:G38) -> 0 | H39: =SUM(H5:H38) -> 0 | I39: =SUM(I5:I38) -> 0 | J39: =SUM(J5:J38) -> 0 | K39: =SUM(K5:K38) -> 0 | L39: =SUM(L5:L38) -> 0 | ... AJ39: =SUM(AJ5:AJ38) -> 2557 | AK39: ='BIG CHAIR'!CL36 -> 0 | AL39: ='Tea Table'!X29 -> 0 | AM39: =AH39+AK39+AL39 -> 2443
A41: Production M-2 | B41: Name | C41: B.No. | D41: Date | E41: Br.Blue | F41: Black Red | G41: Br.Orange | H41: Black Green | I41: Br.Green | J41: Black Blue | K41: Br.Red | L41: Black Orange | M41: S-W | N41: T.W | O41: Silver | P41: B.Gold | Q41: M.Bz | R41: Brown | S41: R-W | T41: A.Gold | V41: P.Green | W41: A.Gold Red/8003 | X41: P.Pink | Y41: Red | Z41: P.White | AA41: Blue F | AB41: M.Beige F | AC41: Orange | AE41: Fresh | AF41: Mix | AH41: Total | AI41: G.R.C. | AJ41: G.Total
A42: Production add M- 2 | AE42: =SUM(E42:AC42) -> 0 | AH42: =AE42+AF42 -> 0 | AJ42: =AH42+AI42 -> 0
A43: Production add M- 2 | AE43: =SUM(E43:AC43) -> 0 | AH43: =AE43+AF43 -> 0 | AJ43: =AH43+AI43 -> 0
A44: Production add M- 2 | AE44: =SUM(E44:AC44) -> 0 | AH44: =AE44+AF44 -> 0 | AJ44: =AH44+AI44 -> 0
A45: Production add M- 2 | AE45: =SUM(E45:AC45) -> 0 | AH45: =AE45+AF45 -> 0 | AJ45: =AH45+AI45 -> 0
A46: Production add M- 2 | AE46: =SUM(E46:AC46) -> 0 | AH46: =AE46+AF46 -> 0 | AJ46: =AH46+AI46 -> 0
A47: Production add M- 2 | AE47: =SUM(E47:AC47) -> 0 | AH47: =AE47+AF47 -> 0 | AJ47: =AH47+AI47 -> 0
A48: Production add M- 2 | AE48: =SUM(E48:AC48) -> 0 | AH48: =AE48+AF48 -> 0 | AJ48: =AH48+AI48 -> 0
A49: Production add M- 2 | AE49: =SUM(E49:AC49) -> 0 | AH49: =AE49+AF49 -> 0 | AJ49: =AH49+AI49 -> 0
A50: Production add M- 2 | AE50: =SUM(E50:AC50) -> 0 | AH50: =AE50+AF50 -> 0 | AJ50: =AH50+AI50 -> 0
A51: Production add M- 2 | AE51: =SUM(E51:AC51) -> 0 | AH51: =AE51+AF51 -> 0 | AJ51: =AH51+AI51 -> 0
A52: Production add M- 2 | AE52: =SUM(E52:AC52) -> 0 | AH52: =AE52+AF52 -> 0 | AJ52: =AH52+AI52 -> 0
A53: Production add M- 2 | AE53: =SUM(E53:AC53) -> 0 | AH53: =AE53+AF53 -> 0 | AJ53: =AH53+AI53 -> 0
... A62: Production add M- 2 | AE62: =SUM(E62:AC62) -> 0 | AH62: =AE62+AF62 -> 0 | AJ62: =AH62+AI62 -> 0
A63: Production add M- 2 | AE63: =SUM(E63:AC63) -> 0 | AH63: =AE63+AF63 -> 0 | AJ63: =AH63+AI63 -> 0 | AK63: Big Chair | AL63: Table | AM63: Total Pro
A64: Production Machine - 2 | E64: =SUM(E42:E63) -> 0 | F64: =SUM(F42:F63) -> 0 | G64: =SUM(G42:G63) -> 0 | H64: =SUM(H42:H63) -> 0 | I64: =SUM(I42:I63) -> 0 | J64: =SUM(J42:J63) -> 0 | K64: =SUM(K42:K63) -> 0 | M64: =SUM(M42:M63) -> 0 | N64: =SUM(N42:N63) -> 0 | O64: =SUM(O42:O63) -> 0 | P64: =SUM(P42:P63) -> 0 | Q64: =SUM(Q42:Q63) -> 0 | R64: =SUM(R42:R63) -> 0 | S64: =SUM(S42:S63) -> 0 | T64: =SUM(T42:T63) -> 0 | V64: =SUM(V42:V63) -> 0 | W64: =SUM(W42:W63) -> 0 | X64: =SUM(X42:X63) -> 0 | Y64: =SUM(Y42:Y63) -> 0 | Z64: =SUM(Z42:Z63) -> 0 | AA64: =SUM(AA42:AA63) -> 0 | AB64: =SUM(AB42:AB63) -> 0 | AC64: =SUM(AC42:AC63) -> 0 | AE64: =SUM(AE42:AE63) -> 0 | AF64: =SUM(AF42:AF63) -> 0 | AG64: =SUM(AG42:AG63) -> 0 | AH64: =SUM(AH42:AH63) -> 0 | AI64: =SUM(AI42:AI63) -> 0 | AJ64: =SUM(AJ42:AJ63) -> 0 | AK64: ='BIG CHAIR'!CL77 -> 14560 | AL64: ='Tea Table'!X85 -> 0 | AM64: =AH64+AK64+AL64 -> 14560
A66: Production M-3 | B66: Name | C66: B.No. | D66: Date | E66: Br.Blue | F66: Black Red | G66: Br.Orange | H66: Black Green | I66: Br.Green | J66: Black Blue | K66: Br.Red | L66: Black Orange | M66: S-W | N66: T.W | O66: Silver | P66: B.Gold | Q66: M.Bz | R66: Brown | S66: R-W | T66: A.Gold | V66: P.Green | W66: A.Gold Red/8003 | X66: P.Pink | Y66: Red | Z66: P.White | AA66: Blue F | AB66: M.Beige F | AC66: Orange | AE66: Fresh | AF66: Mix | AH66: Total | AI66: G.R.C. | AJ66: G.Total
A67: Production add M- 3 | AE67: =SUM(E67:AC67) -> 0 | AH67: =AE67+AF67 -> 0 | AJ67: =AH67+AI67 -> 0
A68: Production add M- 3 | AE68: =SUM(E68:AC68) -> 0 | AH68: =AE68+AF68 -> 0 | AJ68: =AH68+AI68 -> 0
A69: Production add M- 3 | AE69: =SUM(E69:AC69) -> 0 | AH69: =AE69+AF69 -> 0 | AJ69: =AH69+AI69 -> 0
A70: Production add M- 3 | AE70: =SUM(E70:AC70) -> 0 | AH70: =AE70+AF70 -> 0 | AJ70: =AH70+AI70 -> 0
A71: Production add M- 3 | AE71: =SUM(E71:AC71) -> 0 | AH71: =AE71+AF71 -> 0 | AJ71: =AH71+AI71 -> 0
A72: Production add M- 3 | AE72: =SUM(E72:AC72) -> 0 | AH72: =AE72+AF72 -> 0 | AJ72: =AH72+AI72 -> 0
A73: Production add M- 3 | AE73: =SUM(E73:AC73) -> 0 | AH73: =AE73+AF73 -> 0 | AJ73: =AH73+AI73 -> 0
A74: Production add M- 3 | AE74: =SUM(E74:AC74) -> 0 | AH74: =AE74+AF74 -> 0 | AJ74: =AH74+AI74 -> 0
A75: Production add M- 3 | AE75: =SUM(E75:AC75) -> 0 | AH75: =AE75+AF75 -> 0 | AJ75: =AH75+AI75 -> 0
A76: Production add M- 3 | AE76: =SUM(E76:AC76) -> 0 | AH76: =AE76+AF76 -> 0 | AJ76: =AH76+AI76 -> 0
A77: Production add M- 3 | AE77: =SUM(E77:AC77) -> 0 | AH77: =AE77+AF77 -> 0 | AJ77: =AH77+AI77 -> 0
A78: Production add M- 3 | AE78: =SUM(E78:AC78) -> 0 | AH78: =AE78+AF78 -> 0 | AJ78: =AH78+AI78 -> 0
A79: Production add M- 3 | AE79: =SUM(E79:AC79) -> 0 | AH79: =AE79+AF79 -> 0 | AJ79: =AH79+AI79 -> 0
A80: Production add M- 3 | AE80: =SUM(E80:AC80) -> 0 | AH80: =AE80+AF80 -> 0 | AJ80: =AH80+AI80 -> 0 | AK80: Big Chair | AL80: Table | AM80: Total Pro
A81: Production add M- 3 | AE81: =SUM(E81:AC81) -> 0 | AH81: =AE81+AF81 -> 0 | AJ81: =AH81+AI81 -> 0 | AK81: Big Chair | AL81: Table | AM81: Total Pro
A82: Production add M- 3 | AE82: =SUM(E82:AC82) -> 0 | AH82: =AE82+AF82 -> 0 | AJ82: =AH82+AI82 -> 0 | AK82: Big Chair | AL82: Table | AM82: Total Pro
A83: Production add M- 3 | AE83: =SUM(E83:AC83) -> 0 | AH83: =AE83+AF83 -> 0 | AJ83: =AH83+AI83 -> 0 | AK83: Big Chair | AL83: Table | AM83: Total Pro
A84: Production add M- 3 | AE84: =SUM(E84:AC84) -> 0 | AH84: =AE84+AF84 -> 0 | AJ84: =AH84+AI84 -> 0 | AK84: Big Chair | AL84: Table | AM84: Total Pro
A85: Production Machine - 3 | E85: =SUM(E67:E84) -> 0 | F85: =SUM(F67:F84) -> 0 | G85: =SUM(G67:G84) -> 0 | H85: =SUM(H67:H84) -> 0 | I85: =SUM(I67:I84) -> 0 | J85: =SUM(J67:J84) -> 0 | K85: =SUM(K67:K84) -> 0 | L85: =SUM(L67:L84) -> 0 | ... T85: =SUM(T67:T84) -> 0 | V85: =SUM(V67:V84) -> 0 | W85: =SUM(W67:W84) -> 0 | X85: =SUM(X67:X84) -> 0 | Y85: =SUM(Y67:Y84) -> 0 | Z85: =SUM(Z67:Z84) -> 0 | AA85: =SUM(AA67:AA84) -> 0 | AB85: =SUM(AB67:AB84) -> 0 | AC85: =SUM(AC67:AC84) -> 0 | AE85: =SUM(AE67:AE84) -> 0 | AF85: =SUM(AF67:AF84) -> 0 | AG85: =SUM(AG67:AG84) -> 0 | AH85: =SUM(AH67:AH84) -> 0 | AI85: =SUM(AI67:AI84) -> 0 | AJ85: =SUM(AJ67:AJ84) -> 0 | AK85: ='BIG CHAIR'!CL91 -> 0 | AL85: ='Tea Table'!X181 -> 0 | AM85: =AH85+AK85+AL85 -> 0
A86: Production M-4 | B86: Name | C86: B.No. | D86: Date | E86: Br.Blue | F86: Black Red | G86: Br.Orange | H86: Black Green | I86: Br.Green | J86: Black Blue | K86: Br.Red | L86: Black Orange | M86: S-W | N86: T.W | O86: Silver | P86: B.Gold | Q86: M.Bz | R86: Brown | S86: R-W | T86: A.Gold | V86: P.Green | W86: A.Gold Red/8003 | X86: P.Pink | Y86: Red | Z86: P.White | AA86: Blue F | AB86: M.Beige F | AC86: Orange | AE86: Fresh | AF86: Mix | AH86: Total | AI86: G.R.C. | AJ86: G.Total
A87: Production add M- 4 | AE87: =SUM(E87:AC87) -> 0 | AH87: =AE87+AF87 -> 0 | AJ87: =AH87+AI87 -> 0
A88: Production add M- 4 | AE88: =SUM(E88:AC88) -> 0 | AH88: =AE88+AF88 -> 0 | AJ88: =AH88+AI88 -> 0
A89: Production add M- 4 | AE89: =SUM(E89:AC89) -> 0 | AH89: =AE89+AF89 -> 0 | AJ89: =AH89+AI89 -> 0
A90: Production add M- 4 | AE90: =SUM(E90:AC90) -> 0 | AH90: =AE90+AF90 -> 0 | AJ90: =AH90+AI90 -> 0
A91: Production add M- 4 | AE91: =SUM(E91:AC91) -> 0 | AH91: =AE91+AF91 -> 0 | AJ91: =AH91+AI91 -> 0
A92: Production add M- 4 | AE92: =SUM(E92:AC92) -> 0 | AH92: =AE92+AF92 -> 0 | AJ92: =AH92+AI92 -> 0
A93: Production add M- 4 | AE93: =SUM(E93:AC93) -> 0 | AH93: =AE93+AF93 -> 0 | AJ93: =AH93+AI93 -> 0
A94: Production add M- 4 | AE94: =SUM(E94:AC94) -> 0 | AH94: =AE94+AF94 -> 0 | AJ94: =AH94+AI94 -> 0
A95: Production add M- 4 | AE95: =SUM(E95:AC95) -> 0 | AH95: =AE95+AF95 -> 0 | AJ95: =AH95+AI95 -> 0
A96: Production add M- 4 | AE96: =SUM(E96:AC96) -> 0 | AH96: =AE96+AF96 -> 0 | AJ96: =AH96+AI96 -> 0
A97: Production add M- 4 | AE97: =SUM(E97:AC97) -> 0 | AH97: =AE97+AF97 -> 0 | AJ97: =AH97+AI97 -> 0
A98: Production add M- 4 | AE98: =SUM(E98:AC98) -> 0 | AH98: =AE98+AF98 -> 0 | AJ98: =AH98+AI98 -> 0
A99: Production add M- 4 | AE99: =SUM(E99:AC99) -> 0 | AH99: =AE99+AF99 -> 0 | AJ99: =AH99+AI99 -> 0
A100: Production add M- 4 | AE100: =SUM(E100:AC100) -> 0 | AH100: =AE100+AF100 -> 0 | AJ100: =AH100+AI100 -> 0 | AK100: Big Chair | AL100: Table | AM100: Total Pro
A101: Production add M- 4 | AE101: =SUM(E101:AC101) -> 0 | AH101: =AE101+AF101 -> 0 | AJ101: =AH101+AI101 -> 0 | AK101: Big Chair | AL101: Table | AM101: Total Pro
A102: Production add M- 4 | AE102: =SUM(E102:AC102) -> 0 | AH102: =AE102+AF102 -> 0 | AJ102: =AH102+AI102 -> 0 | AK102: Big Chair | AL102: Table | AM102: Total Pro
A103: Production add M- 4 | AE103: =SUM(E103:AC103) -> 0 | AH103: =AE103+AF103 -> 0 | AJ103: =AH103+AI103 -> 0 | AK103: Big Chair | AL103: Table | AM103: Total Pro
A104: Production add M- 4 | AE104: =SUM(E104:AC104) -> 0 | AH104: =AE104+AF104 -> 0 | AJ104: =AH104+AI104 -> 0 | AK104: Big Chair | AL104: Table | AM104: Total Pro
A105: Production add M- 4 | AE105: =SUM(E105:AC105) -> 0 | AH105: =AE105+AF105 -> 0 | AJ105: =AH105+AI105 -> 0 | AK105: Big Chair | AL105: Table | AM105: Total Pro
A106: Production add M- 4 | AE106: =SUM(E106:AC106) -> 0 | AH106: =AE106+AF106 -> 0 | AJ106: =AH106+AI106 -> 0 | AK106: Big Chair | AL106: Table | AM106: Total Pro
A107: Production add M- 4 | AE107: =SUM(E107:AC107) -> 0 | AH107: =AE107+AF107 -> 0 | AJ107: =AH107+AI107 -> 0 | AK107: Big Chair | AL107: Table | AM107: Total Pro
A108: Production add M- 4 | AE108: =SUM(E108:AC108) -> 0 | AH108: =AE108+AF108 -> 0 | AJ108: =AH108+AI108 -> 0 | AK108: Big Chair | AL108: Table | AM108: Total Pro
A109: Production add M- 4 | AE109: =SUM(E109:AC109) -> 0 | AH109: =AE109+AF109 -> 0 | AJ109: =AH109+AI109 -> 0 | AK109: Big Chair | AL109: Table | AM109: Total Pro
A110: Production add M- 4 | AE110: =SUM(E110:AC110) -> 0 | AH110: =AE110+AF110 -> 0 | AJ110: =AH110+AI110 -> 0 | AK110: Big Chair | AL110: Table | AM110: Total Pro
A111: Production add M- 4 | AE111: =SUM(E111:AC111) -> 0 | AH111: =AE111+AF111 -> 0 | AJ111: =AH111+AI111 -> 0 | AK111: Big Chair | AL111: Table | AM111: Total Pro
A112: Production add M- 4 | AE112: =SUM(E112:AC112) -> 0 | AH112: =AE112+AF112 -> 0 | AJ112: =AH112+AI112 -> 0 | AK112: Big Chair | AL112: Table | AM112: Total Pro
A113: Production Machine - 4 | E113: =SUM(E87:E112) -> 0 | F113: =SUM(F87:F112) -> 0 | G113: =SUM(G87:G112) -> 0 | H113: =SUM(H87:H112) -> 0 | I113: =SUM(I87:I112) -> 0 | J113: =SUM(J87:J112) -> 0 | K113: =SUM(K87:K112) -> 0 | L113: =SUM(L87:L112) -> 0 | ... T113: =SUM(T87:T112) -> 0 | V113: =SUM(V87:V112) -> 0 | W113: =SUM(W87:W112) -> 0 | X113: =SUM(X87:X112) -> 0 | Y113: =SUM(Y87:Y112) -> 0 | Z113: =SUM(Z87:Z112) -> 0 | AA113: =SUM(AA87:AA112) -> 0 | AB113: =SUM(AB87:AB112) -> 0 | AC113: =SUM(AC87:AC112) -> 0 | AE113: =SUM(AE87:AE112) -> 0 | AF113: =SUM(AF87:AF112) -> 0 | AG113: =SUM(AG87:AG112) -> 0 | AH113: =SUM(AH87:AH112) -> 0 | AI113: =SUM(AI87:AI112) -> 0 | AJ113: =SUM(AJ87:AJ112) -> 0 | AK113: ='BIG CHAIR'!CL111 -> 0 | AL113: ='Tea Table'!X201 -> 577.41667 | AM113: =AH113+AK113+AL113 -> 577.41667
A114: Production M-5 | B114: Name | C114: B.No. | D114: Date | E114: Br.Blue | F114: Black Red | G114: Br.Orange | H114: Black Green | I114: Br.Green | J114: Black Blue | K114: Br.Red | L114: Black Orange | M114: S-W | N114: T.W | O114: Silver | P114: B.Gold | Q114: M.Bz | R114: Brown | S114: R-W | T114: A.Gold | V114: P.Green | W114: A.Gold Red/8003 | X114: P.Pink | Y114: Red | Z114: P.White | AA114: Blue F | AB114: M.Beige F | AC114: Orange | AE114: Fresh | AF114: Mix | AH114: Total | AI114: G.R.C. | AJ114: G.Total
A115: Production add M- 5 | B115: Pushpanjli | AE115: =SUM(E115:AC115) -> 0 | AH115: =AE115+AF115 -> 0 | AJ115: =AH115+AI115 -> 0
A116: Production add M- 5 | AE116: =SUM(E116:AC116) -> 0 | AH116: =AE116+AF116 -> 0 | AJ116: =AH116+AI116 -> 0
A117: Production add M- 5 | AE117: =SUM(E117:AC117) -> 0 | AH117: =AE117+AF117 -> 0 | AJ117: =AH117+AI117 -> 0
A118: Production add M- 5 | AE118: =SUM(E118:AC118) -> 0 | AH118: =AE118+AF118 -> 0 | AJ118: =AH118+AI118 -> 0
A119: Production add M- 5 | AE119: =SUM(E119:AC119) -> 0 | AH119: =AE119+AF119 -> 0 | AJ119: =AH119+AI119 -> 0
A120: Production add M- 5 | AE120: =SUM(E120:AC120) -> 0 | AH120: =AE120+AF120 -> 0 | AJ120: =AH120+AI120 -> 0
A121: Production add M- 5 | AE121: =SUM(E121:AC121) -> 0 | AH121: =AE121+AF121 -> 0 | AJ121: =AH121+AI121 -> 0
A122: Production add M- 5 | AE122: =SUM(E122:AC122) -> 0 | AH122: =AE122+AF122 -> 0 | AJ122: =AH122+AI122 -> 0
A123: Production add M- 5 | AE123: =SUM(E123:AC123) -> 0 | AH123: =AE123+AF123 -> 0 | AJ123: =AH123+AI123 -> 0
A124: Production add M- 5 | AE124: =SUM(E124:AC124) -> 0 | AH124: =AE124+AF124 -> 0 | AJ124: =AH124+AI124 -> 0
...

Sheet Innova
A1: Finished Production of New Mould - Period on Dated | J1: 1 | K1: 4 | M1: 2026
E2: Innova (3001) | M2: Innova (3002) | V2: Innova(3003)
A3: Production M-1 | B3: Name | C3: B.No. | D3: Date | E3: White | G3: Orange | I3: P.Pink | J3: BROWN | K3: P.Green | M3: B.Gold | N3: Gold | O3: M.Beige | P3: S.Black | Q3: Brown | R3: R.Wood | S3: A.Gold | V3: A.Gold | W3: Brown | X3: B.Gold | Y3: M.Beige | AE3: Fresh | AF3: Mix | AH3: Total | AI3: G.R.C. | AJ3: G.Total
A4: ='Tea Table'!A4 -> Opening Stock as on | B4: Pushpanjli | AE4: =SUM(E4:AC4) -> 0 | AH4: =AF4+AE4 -> 0 | AJ4: =AH4+AI4 -> 0
A5: Production add M- 1 | AE5: =SUM(E5:AC5) -> 0 | AH5: =AE5+AF5 -> 0 | AJ5: =AH5+AI5 -> 0
A6: Production add M- 1 | AE6: =SUM(E6:AC6) -> 0 | AH6: =AE6+AF6 -> 0 | AJ6: =AH6+AI6 -> 0
A7: Production add M- 1 | AE7: =SUM(E7:AC7) -> 0 | AH7: =AE7+AF7 -> 0 | AJ7: =AH7+AI7 -> 0
A8: Production add M- 1 | AE8: =SUM(E8:AC8) -> 0 | AH8: =AE8+AF8 -> 0 | AJ8: =AH8+AI8 -> 0
A9: Production add M- 1 | AE9: =SUM(E9:AC9) -> 0 | AH9: =AE9+AF9 -> 0 | AJ9: =AH9+AI9 -> 0
A10: Production add M- 1 | AE10: =SUM(E10:AC10) -> 0 | AH10: =AE10+AF10 -> 0 | AJ10: =AH10+AI10 -> 0
A11: Production add M- 1 | AE11: =SUM(E11:AC11) -> 0 | AH11: =AE11+AF11 -> 0 | AJ11: =AH11+AI11 -> 0
A12: Production add M- 1 | AE12: =SUM(E12:AC12) -> 0 | AH12: =AE12+AF12 -> 0 | AJ12: =AH12+AI12 -> 0
A13: Production add M- 1 | AE13: =SUM(E13:AC13) -> 0 | AH13: =AE13+AF13 -> 0 | AJ13: =AH13+AI13 -> 0
A14: Production add M- 1 | AE14: =SUM(E14:AC14) -> 0 | AH14: =AE14+AF14 -> 0 | AJ14: =AH14+AI14 -> 0
A15: Production add M- 1 | AE15: =SUM(E15:AC15) -> 0 | AH15: =AE15+AF15 -> 0 | AJ15: =AH15+AI15 -> 0
A16: Production add M- 1 | AE16: =SUM(E16:AC16) -> 0 | AH16: =AE16+AF16 -> 0 | AJ16: =AH16+AI16 -> 0
... A37: Production add M- 1 | AE37: =SUM(E37:AC37) -> 0 | AH37: =AE37+AF37 -> 0 | AJ37: =AH37+AI37 -> 0
A38: Production add M- 1 | AE38: =SUM(E38:AC38) -> 0 | AH38: =AE38+AF38 -> 0 | AJ38: =AH38+AI38 -> 0 | AK38: Big Chair | AL38: Table | AM38: Total Pro
A39: Production Machine - 1 | E39: =SUM(E5:E38) -> 0 | F39: =SUM(F5:F38) -> 0 | G39: =SUM(G5:G38) -> 0 | H39: =SUM(H5:H38) -> 0 | I39: =SUM(I5:I38) -> 0 | J39: =SUM(J5:J38) -> 0 | K39: =SUM(K5:K38) -> 0 | L39: =SUM(L5:L38) -> 0 | ... N39: =SUM(N5:N38) -> 0 | O39: =SUM(O15:O38) -> 0 | P39: =SUM(P15:P38) -> 0 | Q39: =SUM(Q15:Q38) -> 0 | R39: =SUM(R15:R38) -> 0 | S39: =SUM(S5:S38) -> 0 | T39: =SUM(T15:T38) -> 0 | U39: =SUM(U5:U38) -> 0 | V39: =SUM(V5:V38) -> 0 | W39: =SUM(W5:W38) -> 0 | X39: =SUM(X5:X38) -> 0 | Y39: =SUM(Y5:Y38) -> 0 | Z39: =SUM(Z5:Z38) -> 0 | AA39: =SUM(AA5:AA38) -> 0 | AB39: =SUM(AB5:AB38) -> 0 | ... AD39: =SUM(AD5:AD38) -> 0 | AE39: =SUM(AE15:AE38) -> 0 | AF39: =SUM(AF5:AF38) -> 0 | AG39: =SUM(AG5:AG38) -> 0 | AH39: =SUM(AH15:AH38) -> 0 | AI39: =SUM(AI15:AI38) -> 0 | AJ39: =SUM(AJ15:AJ38) -> 0 | AK39: ='BIG CHAIR'!CL36 -> 0 | AL39: ='Tea Table'!X29 -> 0 | AM39: =AH39+AK39+AL39 -> 0
A41: Production M-2 | B41: Name | C41: B.No. | D41: Date | E41: White | G41: Orange | I41: P.Pink | K41: P.Green | M41: B.Gold | N41: Gold | O41: M.Beige | P41: S.Black | Q41: Brown | R41: R.Wood | S41: A.Gold | V41: A.Gold | W41: Brown | X41: B.Gold | Y41: M.Beige | AE41: Fresh | AF41: Mix | AH41: Total | AI41: G.R.C. | AJ41: G.Total
A42: Production add M- 2 | AE42: =SUM(E42:AC42) -> 0 | AH42: =AE42+AF42 -> 0 | AJ42: =AH42+AI42 -> 0
A43: Production add M- 2 | AE43: =SUM(E43:AC43) -> 0 | AH43: =AE43+AF43 -> 0 | AJ43: =AH43+AI43 -> 0
A44: Production add M- 2 | AE44: =SUM(E44:AC44) -> 0 | AH44: =AE44+AF44 -> 0 | AJ44: =AH44+AI44 -> 0
A45: Production add M- 2 | AE45: =SUM(E45:AC45) -> 0 | AH45: =AE45+AF45 -> 0 | AJ45: =AH45+AI45 -> 0
A46: Production add M- 2 | AE46: =SUM(E46:AC46) -> 0 | AH46: =AE46+AF46 -> 0 | AJ46: =AH46+AI46 -> 0
A47: Production add M- 2 | AE47: =SUM(E47:AC47) -> 0 | AH47: =AE47+AF47 -> 0 | AJ47: =AH47+AI47 -> 0
A48: Production add M- 2 | AE48: =SUM(E48:AC48) -> 0 | AH48: =AE48+AF48 -> 0 | AJ48: =AH48+AI48 -> 0
A49: Production add M- 2 | AE49: =SUM(E49:AC49) -> 0 | AH49: =AE49+AF49 -> 0 | AJ49: =AH49+AI49 -> 0
A50: Production add M- 2 | AE50: =SUM(E50:AC50) -> 0 | AH50: =AE50+AF50 -> 0 | AJ50: =AH50+AI50 -> 0
A51: Production add M- 2 | AE51: =SUM(E51:AC51) -> 0 | AH51: =AE51+AF51 -> 0 | AJ51: =AH51+AI51 -> 0
A52: Production add M- 2 | AE52: =SUM(E52:AC52) -> 0 | AH52: =AE52+AF52 -> 0 | AJ52: =AH52+AI52 -> 0
A53: Production add M- 2 | AE53: =SUM(E53:AC53) -> 0 | AH53: =AE53+AF53 -> 0 | AJ53: =AH53+AI53 -> 0
... A62: Production add M- 2 | AE62: =SUM(E62:AC62) -> 0 | AH62: =AE62+AF62 -> 0 | AJ62: =AH62+AI62 -> 0
A63: Production add M- 2 | AE63: =SUM(E63:AC63) -> 0 | AH63: =AE63+AF63 -> 0 | AJ63: =AH63+AI63 -> 0 | AK63: Big Chair | AL63: Table | AM63: Total Pro
A64: Production Machine - 2 | E64: =SUM(E42:E63) -> 0 | F64: =SUM(F42:F63) -> 0 | G64: =SUM(G42:G63) -> 0 | H64: =SUM(H42:H63) -> 0 | I64: =SUM(I42:I63) -> 0 | J64: =SUM(J42:J63) -> 0 | K64: =SUM(K42:K63) -> 0 | M64: =SUM(M42:M63) -> 0 | N64: =SUM(N42:N63) -> 0 | O64: =SUM(O42:O63) -> 0 | P64: =SUM(P42:P63) -> 0 | Q64: =SUM(Q42:Q63) -> 0 | R64: =SUM(R42:R63) -> 0 | S64: =SUM(S42:S63) -> 0 | T64: =SUM(T42:T63) -> 0 | V64: =SUM(V42:V63) -> 0 | W64: =SUM(W42:W63) -> 0 | X64: =SUM(X42:X63) -> 0 | Y64: =SUM(Y42:Y63) -> 0 | Z64: =SUM(Z42:Z63) -> 0 | AA64: =SUM(AA42:AA63) -> 0 | AB64: =SUM(AB42:AB63) -> 0 | AC64: =SUM(AC42:AC63) -> 0 | AE64: =SUM(AE42:AE63) -> 0 | AF64: =SUM(AF42:AF63) -> 0 | AG64: =SUM(AG42:AG63) -> 0 | AH64: =SUM(AH42:AH63) -> 0 | AI64: =SUM(AI42:AI63) -> 0 | AJ64: =SUM(AJ42:AJ63) -> 0 | AK64: ='BIG CHAIR'!CL77 -> 14560 | AL64: ='Tea Table'!X85 -> 0 | AM64: =AH64+AK64+AL64 -> 14560
A66: Production M-3 | B66: Name | C66: B.No. | D66: Date | E66: White | G66: Orange | I66: P.Pink | K66: P.Green | M66: B.Gold | N66: Gold | O66: M.Beige | P66: S.Black | Q66: Brown | R66: R.Wood | S66: A.Gold | V66: A.Gold | W66: Brown | X66: B.Gold | Y66: M.Beige | AE66: Fresh | AF66: Mix | AH66: Total | AI66: G.R.C. | AJ66: G.Total
A67: Production add M- 3 | AE67: =SUM(E67:AC67) -> 0 | AH67: =AE67+AF67 -> 0 | AJ67: =AH67+AI67 -> 0
A68: Production add M- 3 | AE68: =SUM(E68:AC68) -> 0 | AH68: =AE68+AF68 -> 0 | AJ68: =AH68+AI68 -> 0
A69: Production add M- 3 | AE69: =SUM(E69:AC69) -> 0 | AH69: =AE69+AF69 -> 0 | AJ69: =AH69+AI69 -> 0
A70: Production add M- 3 | AE70: =SUM(E70:AC70) -> 0 | AH70: =AE70+AF70 -> 0 | AJ70: =AH70+AI70 -> 0
A71: Production add M- 3 | AE71: =SUM(E71:AC71) -> 0 | AH71: =AE71+AF71 -> 0 | AJ71: =AH71+AI71 -> 0
A72: Production add M- 3 | AE72: =SUM(E72:AC72) -> 0 | AH72: =AE72+AF72 -> 0 | AJ72: =AH72+AI72 -> 0
A73: Production add M- 3 | AE73: =SUM(E73:AC73) -> 0 | AH73: =AE73+AF73 -> 0 | AJ73: =AH73+AI73 -> 0
A74: Production add M- 3 | AE74: =SUM(E74:AC74) -> 0 | AH74: =AE74+AF74 -> 0 | AJ74: =AH74+AI74 -> 0
A75: Production add M- 3 | AE75: =SUM(E75:AC75) -> 0 | AH75: =AE75+AF75 -> 0 | AJ75: =AH75+AI75 -> 0
A76: Production add M- 3 | AE76: =SUM(E76:AC76) -> 0 | AH76: =AE76+AF76 -> 0 | AJ76: =AH76+AI76 -> 0
A77: Production add M- 3 | AE77: =SUM(E77:AC77) -> 0 | AH77: =AE77+AF77 -> 0 | AJ77: =AH77+AI77 -> 0
A78: Production add M- 3 | AE78: =SUM(E78:AC78) -> 0 | AH78: =AE78+AF78 -> 0 | AJ78: =AH78+AI78 -> 0
A79: Production add M- 3 | AE79: =SUM(E79:AC79) -> 0 | AH79: =AE79+AF79 -> 0 | AJ79: =AH79+AI79 -> 0
A80: Production add M- 3 | AE80: =SUM(E80:AC80) -> 0 | AH80: =AE80+AF80 -> 0 | AJ80: =AH80+AI80 -> 0 | AK80: Big Chair | AL80: Table | AM80: Total Pro
A81: Production add M- 3 | AE81: =SUM(E81:AC81) -> 0 | AH81: =AE81+AF81 -> 0 | AJ81: =AH81+AI81 -> 0 | AK81: Big Chair | AL81: Table | AM81: Total Pro
A82: Production add M- 3 | AE82: =SUM(E82:AC82) -> 0 | AH82: =AE82+AF82 -> 0 | AJ82: =AH82+AI82 -> 0 | AK82: Big Chair | AL82: Table | AM82: Total Pro
A83: Production add M- 3 | AE83: =SUM(E83:AC83) -> 0 | AH83: =AE83+AF83 -> 0 | AJ83: =AH83+AI83 -> 0 | AK83: Big Chair | AL83: Table | AM83: Total Pro
A84: Production add M- 3 | AE84: =SUM(E84:AC84) -> 0 | AH84: =AE84+AF84 -> 0 | AJ84: =AH84+AI84 -> 0 | AK84: Big Chair | AL84: Table | AM84: Total Pro
A85: Production Machine - 3 | E85: =SUM(E67:E84) -> 0 | F85: =SUM(F67:F84) -> 0 | G85: =SUM(G67:G84) -> 0 | H85: =SUM(H67:H84) -> 0 | I85: =SUM(I67:I84) -> 0 | J85: =SUM(J67:J84) -> 0 | K85: =SUM(K67:K84) -> 0 | M85: =SUM(M67:M84) -> 0 | N85: =SUM(N67:N84) -> 0 | O85: =SUM(O67:O84) -> 0 | P85: =SUM(P67:P84) -> 0 | Q85: =SUM(Q67:Q84) -> 0 | R85: =SUM(R67:R84) -> 0 | S85: =SUM(S67:S84) -> 0 | T85: =SUM(T67:T84) -> 0 | V85: =SUM(V67:V84) -> 0 | W85: =SUM(W67:W84) -> 0 | X85: =SUM(X67:X84) -> 0 | Y85: =SUM(Y67:Y84) -> 0 | Z85: =SUM(Z67:Z84) -> 0 | AA85: =SUM(AA67:AA84) -> 0 | AB85: =SUM(AB67:AB84) -> 0 | AC85: =SUM(AC67:AC84) -> 0 | AE85: =SUM(AE67:AE84) -> 0 | AF85: =SUM(AF67:AF84) -> 0 | AG85: =SUM(AG67:AG84) -> 0 | AH85: =SUM(AH67:AH84) -> 0 | AI85: =SUM(AI67:AI84) -> 0 | AJ85: =SUM(AJ67:AJ84) -> 0 | AK85: ='BIG CHAIR'!CL91 -> 0 | AL85: ='Tea Table'!X181 -> 0 | AM85: =AH85+AK85+AL85 -> 0
A86: Production M-4 | B86: Name | C86: B.No. | D86: Date | E86: White | G86: Orange | I86: P.Pink | K86: P.Green | M86: B.Gold | N86: Gold | O86: M.Beige | P86: S.Black | Q86: Brown | R86: R.Wood | S86: A.Gold | V86: A.Gold | W86: Brown | X86: B.Gold | Y86: M.Beige | AE86: Fresh | AF86: Mix | AH86: Total | AI86: G.R.C. | AJ86: G.Total
A87: Production add M- 4 | AE87: =SUM(E87:AC87) -> 0 | AH87: =AE87+AF87 -> 0 | AJ87: =AH87+AI87 -> 0
A88: Production add M- 4 | AE88: =SUM(E88:AC88) -> 0 | AH88: =AE88+AF88 -> 0 | AJ88: =AH88+AI88 -> 0
A89: Production add M- 4 | AE89: =SUM(E89:AC89) -> 0 | AH89: =AE89+AF89 -> 0 | AJ89: =AH89+AI89 -> 0
A90: Production add M- 4 | AE90: =SUM(E90:AC90) -> 0 | AH90: =AE90+AF90 -> 0 | AJ90: =AH90+AI90 -> 0
A91: Production add M- 4 | AE91: =SUM(E91:AC91) -> 0 | AH91: =AE91+AF91 -> 0 | AJ91: =AH91+AI91 -> 0
A92: Production add M- 4 | AE92: =SUM(E92:AC92) -> 0 | AH92: =AE92+AF92 -> 0 | AJ92: =AH92+AI92 -> 0
A93: Production add M- 4 | AE93: =SUM(E93:AC93) -> 0 | AH93: =AE93+AF93 -> 0 | AJ93: =AH93+AI93 -> 0
A94: Production add M- 4 | AE94: =SUM(E94:AC94) -> 0 | AH94: =AE94+AF94 -> 0 | AJ94: =AH94+AI94 -> 0
A95: Production add M- 4 | AE95: =SUM(E95:AC95) -> 0 | AH95: =AE95+AF95 -> 0 | AJ95: =AH95+AI95 -> 0
A96: Production add M- 4 | AE96: =SUM(E96:AC96) -> 0 | AH96: =AE96+AF96 -> 0 | AJ96: =AH96+AI96 -> 0
A97: Production add M- 4 | AE97: =SUM(E97:AC97) -> 0 | AH97: =AE97+AF97 -> 0 | AJ97: =AH97+AI97 -> 0
A98: Production add M- 4 | AE98: =SUM(E98:AC98) -> 0 | AH98: =AE98+AF98 -> 0 | AJ98: =AH98+AI98 -> 0
A99: Production add M- 4 | AE99: =SUM(E99:AC99) -> 0 | AH99: =AE99+AF99 -> 0 | AJ99: =AH99+AI99 -> 0
A100: Production add M- 4 | AE100: =SUM(E100:AC100) -> 0 | AH100: =AE100+AF100 -> 0 | AJ100: =AH100+AI100 -> 0 | AK100: Big Chair | AL100: Table | AM100: Total Pro
A101: Production add M- 4 | AE101: =SUM(E101:AC101) -> 0 | AH101: =AE101+AF101 -> 0 | AJ101: =AH101+AI101 -> 0 | AK101: Big Chair | AL101: Table | AM101: Total Pro
A102: Production add M- 4 | AE102: =SUM(E102:AC102) -> 0 | AH102: =AE102+AF102 -> 0 | AJ102: =AH102+AI102 -> 0 | AK102: Big Chair | AL102: Table | AM102: Total Pro
A103: Production add M- 4 | AE103: =SUM(E103:AC103) -> 0 | AH103: =AE103+AF103 -> 0 | AJ103: =AH103+AI103 -> 0 | AK103: Big Chair | AL103: Table | AM103: Total Pro
A104: Production add M- 4 | AE104: =SUM(E104:AC104) -> 0 | AH104: =AE104+AF104 -> 0 | AJ104: =AH104+AI104 -> 0 | AK104: Big Chair | AL104: Table | AM104: Total Pro
A105: Production Machine - 4 | E105: =SUM(E87:E104) -> 0 | F105: =SUM(F87:F104) -> 0 | G105: =SUM(G87:G104) -> 0 | H105: =SUM(H87:H104) -> 0 | I105: =SUM(I87:I104) -> 0 | J105: =SUM(J87:J104) -> 0 | K105: =SUM(K87:K104) -> 0 | M105: =SUM(M87:M104) -> 0 | N105: =SUM(N87:N104) -> 0 | O105: =SUM(O87:O104) -> 0 | P105: =SUM(P87:P104) -> 0 | Q105: =SUM(Q87:Q104) -> 0 | R105: =SUM(R87:R104) -> 0 | S105: =SUM(S87:S104) -> 0 | T105: =SUM(T87:T104) -> 0 | V105: =SUM(V87:V104) -> 0 | W105: =SUM(W87:W104) -> 0 | X105: =SUM(X87:X104) -> 0 | Y105: =SUM(Y87:Y104) -> 0 | Z105: =SUM(Z87:Z104) -> 0 | AA105: =SUM(AA87:AA104) -> 0 | AB105: =SUM(AB87:AB104) -> 0 | AC105: =SUM(AC87:AC104) -> 0 | AE105: =SUM(AE87:AE104) -> 0 | AF105: =SUM(AF87:AF104) -> 0 | AG105: =SUM(AG87:AG104) -> 0 | AH105: =SUM(AH87:AH104) -> 0 | AI105: =SUM(AI87:AI104) -> 0 | AJ105: =SUM(AJ87:AJ104) -> 0 | AK105: ='BIG CHAIR'!CL111 -> 0 | AL105: ='Tea Table'!X201 -> 577.41667 | AM105: =AH105+AK105+AL105 -> 577.41667
A106: Production M-5 | B106: Name | C106: B.No. | D106: Date | E106: White | G106: Orange | I106: P.Pink | K106: P.Green | M106: B.Gold | N106: Gold | O106: M.Beige | P106: S.Black | Q106: Brown | R106: R.Wood | S106: A.Gold | V106: A.Gold | W106: Brown | X106: B.Gold | Y106: M.Beige | AE106: Fresh | AF106: Mix | AH106: Total | AI106: G.R.C. | AJ106: G.Total
A107: Production add M- 5 | AE107: =SUM(E107:AC107) -> 0 | AH107: =AE107+AF107 -> 0 | AJ107: =AH107+AI107 -> 0
A108: Production add M- 5 | AE108: =SUM(E108:AC108) -> 0 | AH108: =AE108+AF108 -> 0 | AJ108: =AH108+AI108 -> 0
A109: Production add M- 5 | AE109: =SUM(E109:AC109) -> 0 | AH109: =AE109+AF109 -> 0 | AJ109: =AH109+AI109 -> 0
A110: Production add M- 5 | AE110: =SUM(E110:AC110) -> 0 | AH110: =AE110+AF110 -> 0 | AJ110: =AH110+AI110 -> 0
A111: Production add M- 5 | AE111: =SUM(E111:AC111) -> 0 | AH111: =AE111+AF111 -> 0 | AJ111: =AH111+AI111 -> 0
A112: Production add M- 5 | AE112: =SUM(E112:AC112) -> 0 | AH112: =AE112+AF112 -> 0 | AJ112: =AH112+AI112 -> 0
A113: Production add M- 5 | AE113: =SUM(E113:AC113) -> 0 | AH113: =AE113+AF113 -> 0 | AJ113: =AH113+AI113 -> 0
A114: Production add M- 5 | AE114: =SUM(E114:AC114) -> 0 | AH114: =AE114+AF114 -> 0 | AJ114: =AH114+AI114 -> 0
A115: Production add M- 5 | AE115: =SUM(E115:AC115) -> 0 | AH115: =AE115+AF115 -> 0 | AJ115: =AH115+AI115 -> 0
A116: Production add M- 5 | AE116: =SUM(E116:AC116) -> 0 | AH116: =AE116+AF116 -> 0 | AJ116: =AH116+AI116 -> 0
A117: Production add M- 5 | AE117: =SUM(E117:AC117) -> 0 | AH117: =AE117+AF117 -> 0 | AJ117: =AH117+AI117 -> 0
A118: Production add M- 5 | AE118: =SUM(E118:AC118) -> 0 | AH118: =AE118+AF118 -> 0 | AJ118: =AH118+AI118 -> 0
... A120: Production add M- 5 | AE120: =SUM(E120:AC120) -> 0 | AH120: =AE120+AF120 -> 0 | AJ120: =AH120+AI120 -> 0
A121: Production add M- 5 | AE121: =SUM(E121:AC121) -> 0 | AH121: =AE121+AF121 -> 0 | AJ121: =AH121+AI121 -> 0 | AK121: Big Chair | AL121: Table | AM121: Total Pro
A122: Production add M- 5 | AE122: =SUM(E122:AC122) -> 0 | AH122: =AE122+AF122 -> 0 | AJ122: =AH122+AI122 -> 0 | AK122: Big Chair | AL122: Table | AM122: Total Pro
A123: Production add M- 5 | AE123: =SUM(E123:AC123) -> 0 | AH123: =AE123+AF123 -> 0 | AJ123: =AH123+AI123 -> 0 | AK123: Big Chair | AL123: Table | AM123: Total Pro
A124: Production add M- 5 | AE124: =SUM(E124:AC124) -> 0 | AH124: =AE124+AF124 -> 0 | AJ124: =AH124+AI124 -> 0 | AK124: Big Chair | AL124: Table | AM124: Total Pro
A125: Production add M- 5 | AE125: =SUM(E125:AC125) -> 0 | AH125: =AE125+AF125 -> 0 | AJ125: =AH125+AI125 -> 0 | AK125: Big Chair | AL125: Table | AM125: Total Pro
A126: Production add M- 5 | AE126: =SUM(E126:AC126) -> 0 | AH126: =AE126+AF126 -> 0 | AJ126: =AH126+AI126 -> 0 | AK126: Big Chair | AL126: Table | AM126: Total Pro
A127: Production add M- 5 | AE127: =SUM(E127:AC127) -> 0 | AH127: =AE127+AF127 -> 0 | AJ127: =AH127+AI127 -> 0 | AK127: Big Chair | AL127: Table | AM127: Total Pro
A128: Production add M- 5 | AE128: =SUM(E128:AC128) -> 0 | AH128: =AE128+AF128 -> 0 | AJ128: =AH128+AI128 -> 0 | AK128: Big Chair | AL128: Table | AM128: Total Pro
A129: Production add M- 5 | AE129: =SUM(E129:AC129) -> 0 | AH129: =AE129+AF129 -> 0 | AJ129: =AH129+AI129 -> 0 | AK129: Big Chair | AL129: Table | AM129: Total Pro
A130: Production add M- 5 | AE130: =SUM(E130:AC130) -> 0 | AH130: =AE130+AF130 -> 0 | AJ130: =AH130+AI130 -> 0 | AK130: Big Chair | AL130: Table | AM130: Total Pro
A131: Production add M- 5 | AE131: =SUM(E131:AC131) -> 0 | AH131: =AE131+AF131 -> 0 | AJ131: =AH131+AI131 -> 0 | AK131: Big Chair | AL131: Table | AM131: Total Pro
...

Sheet Garden Table
A1: Finished Production of Table - Period on Dated | O1: 1 | P1: 4 | Q1: 2026
E2: Garden Table
A3: Production M-1 | B3: Name | C3: B.No. | D3: Date | E3: S-W | F3: P.Blue | G3: Red First | H3: P-Pink | I3: Gold | J3: Orange | K3: P-White | L3: Silver.B | M3: Black.Gold | N3: A.Gold | O3: P.Green | P3: T.Wood/M.B | Q3: Black | R3: R-W | S3: Brown | T3: Yellow | V3: Fresh | W3: C-Mix | Y3: Total | Z3: G.Rejn | AA3: G.Total
A4: Opening Stock as on | B4: Pushpanjli | F4: =12*12 -> 144 | H4: =17*12 -> 204 | J4: =5*12 -> 60 | K4: =23*12 -> 276 | L4: =2*12 -> 24 | M4: =101*12 -> 1212 | N4: =10*12 -> 120 | O4: =18*12 -> 216 | P4: =43*12 -> 516 | R4: =1*12 -> 12 | S4: =53*12 -> 636 | V4: =SUM(E4:T4) -> 3420 | Y4: =V4+W4 -> 3420 | AA4: =Y4+Z4 -> 3420
A5: Production add M- 1 | D5: 46126 | S5: =13*12+40*12 -> 636 | V5: =SUM(E5:T5) -> 636 | W5: 3 | Y5: =V5+W5 -> 639 | Z5: =34+10 -> 44 | AA5: =Y5+Z5 -> 683
A6: Production add M- 1 | D6: 46127 | N6: =18*12+38*12 -> 672 | S6: =11*12 -> 132 | V6: =SUM(E6:T6) -> 804 | W6: =17+5 -> 22 | Y6: =V6+W6 -> 826 | AA6: =Y6+Z6 -> 826
A7: Production add M- 1 | D7: 46128 | N7: =7*12 -> 84 | V7: =SUM(E7:T7) -> 84 | Y7: =V7+W7 -> 84 | AA7: =Y7+Z7 -> 84
A8: Production add M- 1 | V8: =SUM(E8:T8) -> 0 | Y8: =V8+W8 -> 0 | AA8: =Y8+Z8 -> 0
A9: Production add M- 1 | V9: =SUM(E9:T9) -> 0 | Y9: =V9+W9 -> 0 | AA9: =Y9+Z9 -> 0
A10: Production add M- 1 | V10: =SUM(E10:T10) -> 0 | Y10: =V10+W10 -> 0 | AA10: =Y10+Z10 -> 0
A11: Production add M- 1 | V11: =SUM(E11:T11) -> 0 | Y11: =V11+W11 -> 0 | AA11: =Y11+Z11 -> 0
A12: Production add M- 1 | V12: =SUM(E12:T12) -> 0 | Y12: =V12+W12 -> 0 | AA12: =Y12+Z12 -> 0
A13: Production add M- 1 | V13: =SUM(E13:T13) -> 0 | Y13: =V13+W13 -> 0 | AA13: =Y13+Z13 -> 0
A14: Production add M- 1 | V14: =SUM(E14:T14) -> 0 | Y14: =V14+W14 -> 0 | AA14: =Y14+Z14 -> 0
A15: Production add M- 1 | V15: =SUM(E15:T15) -> 0 | Y15: =V15+W15 -> 0 | AA15: =Y15+Z15 -> 0
A16: Production add M- 1 | V16: =SUM(E16:T16) -> 0 | Y16: =V16+W16 -> 0 | AA16: =Y16+Z16 -> 0
A17: Production add M- 1 | V17: =SUM(E17:T17) -> 0 | Y17: =V17+W17 -> 0 | AA17: =Y17+Z17 -> 0
A18: Production add M- 1 | V18: =SUM(E18:T18) -> 0 | Y18: =V18+W18 -> 0 | AA18: =Y18+Z18 -> 0
A19: Production add M- 1 | V19: =SUM(E19:T19) -> 0 | Y19: =V19+W19 -> 0 | AA19: =Y19+Z19 -> 0
A20: Production add M- 1 | V20: =SUM(E20:T20) -> 0 | Y20: =V20+W20 -> 0 | AA20: =Y20+Z20 -> 0 | AB20: Big Chair | AC20: Small Chair | AD20: Total Pro
A21: Production add M- 1 | V21: =SUM(E21:T21) -> 0 | Y21: =V21+W21 -> 0 | AA21: =Y21+Z21 -> 0 | AB21: Big Chair | AC21: Small Chair | AD21: Total Pro
A22: Production add M- 1 | V22: =SUM(E22:T22) -> 0 | Y22: =V22+W22 -> 0 | AA22: =Y22+Z22 -> 0 | AB22: Big Chair | AC22: Small Chair | AD22: Total Pro
A23: Production add M- 1 | V23: =SUM(E23:T23) -> 0 | Y23: =V23+W23 -> 0 | AA23: =Y23+Z23 -> 0 | AB23: Big Chair | AC23: Small Chair | AD23: Total Pro
A24: Production add M- 1 | V24: =SUM(E24:T24) -> 0 | Y24: =V24+W24 -> 0 | AA24: =Y24+Z24 -> 0 | AB24: Big Chair | AC24: Small Chair | AD24: Total Pro
A25: Production add M- 1 | V25: =SUM(E25:T25) -> 0 | Y25: =V25+W25 -> 0 | AA25: =Y25+Z25 -> 0 | AB25: Big Chair | AC25: Small Chair | AD25: Total Pro
A26: Production add M- 1 | V26: =SUM(E26:T26) -> 0 | Y26: =V26+W26 -> 0 | AA26: =Y26+Z26 -> 0 | AB26: Big Chair | AC26: Small Chair | AD26: Total Pro
A27: Production add M- 1 | V27: =SUM(E27:T27) -> 0 | Y27: =V27+W27 -> 0 | AA27: =Y27+Z27 -> 0 | AB27: Big Chair | AC27: Small Chair | AD27: Total Pro
A28: Production add M- 1 | V28: =SUM(E28:T28) -> 0 | Y28: =V28+W28 -> 0 | AA28: =Y28+Z28 -> 0 | AB28: Big Chair | AC28: Small Chair | AD28: Total Pro
A29: Production Machine - 1 | E29: =SUM(E5:E28) -> 0 | F29: =SUM(F5:F28) -> 0 | G29: =SUM(G5:G28) -> 0 | H29: =SUM(H5:H28) -> 0 | I29: =SUM(I5:I28) -> 0 | J29: =SUM(J5:J28) -> 0 | K29: =SUM(K5:K28) -> 0 | L29: =SUM(L5:L28) -> 0 | ... T29: =SUM(T5:T28) -> 0 | V29: =SUM(V5:V28) -> 1524 | W29: =SUM(W5:W28) -> 25 | X29: =SUM(X5:X28) -> 0 | Y29: =SUM(Y5:Y28) -> 1549 | Z29: =SUM(Z5:Z28) -> 44 | AA29: =SUM(AA5:AA28) -> 1593 | AB29: ='BIG CHAIR'!CL36 -> 0 | AC29: ='Jordan Chair'!AH38 -> 627 | AD29: =Y29+AB29+AC29 -> 2176
A31: Production M-2 | B31: Name | C31: B.No. | D31: Date | E31: S-W | F31: P.Blue | G31: Red First | H31: P-Pink | I31: Gold | J31: Orange | K31: P-White | L31: Silver.B | M31: Black.Gold | N31: A.Gold | O31: P.Green | P31: T.Wood/M.B | Q31: Black | R31: R-W | S31: Brown | T31: Yellow | V31: Fresh | W31: C-Mix | Y31: Total | Z31: G.Rejn | AA31: G.Total
A32: Production add M- 2 | V32: =SUM(E32:T32) -> 0 | Y32: =V32+W32 -> 0 | AA32: =Y32+Z32 -> 0
A33: Production add M- 2 | V33: =SUM(E33:T33) -> 0 | Y33: =V33+W33 -> 0 | AA33: =Y33+Z33 -> 0
A34: Production add M- 2 | V34: =SUM(E34:T34) -> 0 | Y34: =V34+W34 -> 0 | AA34: =Y34+Z34 -> 0
A35: Production add M- 2 | V35: =SUM(E35:T35) -> 0 | Y35: =V35+W35 -> 0 | AA35: =Y35+Z35 -> 0
A36: Production add M- 2 | V36: =SUM(E36:T36) -> 0 | Y36: =V36+W36 -> 0 | AA36: =Y36+Z36 -> 0
A37: Production add M- 2 | V37: =SUM(E37:T37) -> 0 | Y37: =V37+W37 -> 0 | AA37: =Y37+Z37 -> 0
A38: Production add M- 2 | V38: =SUM(E38:T38) -> 0 | Y38: =V38+W38 -> 0 | AA38: =Y38+Z38 -> 0
A39: Production add M- 2 | V39: =SUM(E39:T39) -> 0 | Y39: =V39+W39 -> 0 | AA39: =Y39+Z39 -> 0
A40: Production add M- 2 | V40: =SUM(E40:T40) -> 0 | Y40: =V40+W40 -> 0 | AA40: =Y40+Z40 -> 0
A41: Production add M- 2 | V41: =SUM(E41:T41) -> 0 | Y41: =V41+W41 -> 0 | AA41: =Y41+Z41 -> 0
A42: Production add M- 2 | V42: =SUM(E42:T42) -> 0 | Y42: =V42+W42 -> 0 | AA42: =Y42+Z42 -> 0
A43: Production add M- 2 | V43: =SUM(E43:T43) -> 0 | Y43: =V43+W43 -> 0 | AA43: =Y43+Z43 -> 0
... A55: Production add M- 2 | V55: =SUM(E55:T55) -> 0 | Y55: =V55+W55 -> 0 | AA55: =Y55+Z55 -> 0
A56: Production add M- 2 | V56: =SUM(E56:T56) -> 0 | Y56: =V56+W56 -> 0 | AA56: =Y56+Z56 -> 0 | AB56: Big Chair | AC56: Small Chair | AD56: Total Pro
A57: Production add M- 2 | V57: =SUM(E57:T57) -> 0 | Y57: =V57+W57 -> 0 | AA57: =Y57+Z57 -> 0 | AB57: Big Chair | AC57: Small Chair | AD57: Total Pro
A58: Production Machine - 2 | E58: =SUM(E32:E57) -> 0 | F58: =SUM(F32:F57) -> 0 | G58: =SUM(G32:G57) -> 0 | H58: =SUM(H32:H57) -> 0 | I58: =SUM(I32:I57) -> 0 | J58: =SUM(J32:J57) -> 0 | K58: =SUM(K32:K57) -> 0 | L58: =SUM(L32:L57) -> 0 | ... T58: =SUM(T32:T57) -> 0 | V58: =SUM(V32:V57) -> 0 | W58: =SUM(W32:W57) -> 0 | Y58: =SUM(Y32:Y57) -> 0 | Z58: =SUM(Z32:Z57) -> 0 | AA58: =SUM(AA32:AA57) -> 0 | AB58: ='BIG CHAIR'!CL42 -> 880 | AC58: ='Jordan Chair'!AH26 -> 0 | AD58: =Y58+AB58+AC58 -> 880
A59: Production M-3 | B59: Name | C59: B.No. | D59: Date | E59: S-W | F59: P.Blue | G59: Red First | H59: P-Pink | I59: Gold | J59: Orange | K59: P-White | L59: Silver.B | M59: Black.Gold | N59: A.Gold | O59: P.Green | P59: T.Wood/M.B | Q59: Black | R59: R-W | S59: Brown | T59: Yellow | V59: Fresh | W59: C-Mix | Y59: Total | Z59: G.Rejn | AA59: G.Total
A60: Production add M-3 | V60: =SUM(E60:T60) -> 0 | Y60: =V60+W60 -> 0 | AA60: =Y60+Z60 -> 0
A61: Production add M-3 | V61: =SUM(E61:T61) -> 0 | Y61: =V61+W61 -> 0 | AA61: =Y61+Z61 -> 0
A62: Production add M-3 | V62: =SUM(E62:T62) -> 0 | Y62: =V62+W62 -> 0 | AA62: =Y62+Z62 -> 0
A63: Production add M-3 | V63: =SUM(E63:T63) -> 0 | Y63: =V63+W63 -> 0 | AA63: =Y63+Z63 -> 0
A64: Production add M-3 | V64: =SUM(E64:T64) -> 0 | Y64: =V64+W64 -> 0 | AA64: =Y64+Z64 -> 0
A65: Production add M-3 | V65: =SUM(E65:T65) -> 0 | Y65: =V65+W65 -> 0 | AA65: =Y65+Z65 -> 0
A66: Production add M-3 | V66: =SUM(E66:T66) -> 0 | Y66: =V66+W66 -> 0 | AA66: =Y66+Z66 -> 0
A67: Production add M-3 | V67: =SUM(E67:T67) -> 0 | Y67: =V67+W67 -> 0 | AA67: =Y67+Z67 -> 0
A68: Production add M-3 | V68: =SUM(E68:T68) -> 0 | Y68: =V68+W68 -> 0 | AA68: =Y68+Z68 -> 0
A69: Production add M-3 | V69: =SUM(E69:T69) -> 0 | Y69: =V69+W69 -> 0 | AA69: =Y69+Z69 -> 0
A70: Production add M-3 | V70: =SUM(E70:T70) -> 0 | Y70: =V70+W70 -> 0 | AA70: =Y70+Z70 -> 0
A71: Production add M-3 | V71: =SUM(E71:T71) -> 0 | Y71: =V71+W71 -> 0 | AA71: =Y71+Z71 -> 0
... A83: Production add M-3 | V83: =SUM(E83:T83) -> 0 | Y83: =V83+W83 -> 0 | AA83: =Y83+Z83 -> 0
A84: Production add M-3 | V84: =SUM(E84:T84) -> 0 | Y84: =V84+W84 -> 0 | AA84: =Y84+Z84 -> 0 | AB84: Big Chair | AC84: Small Chair | AD84: Total Pro
A85: Production Machine - 3 | E85: =SUM(E60:E84) -> 0 | F85: =SUM(F60:F84) -> 0 | G85: =SUM(G60:G84) -> 0 | H85: =SUM(H60:H84) -> 0 | I85: =SUM(I60:I84) -> 0 | J85: =SUM(J60:J84) -> 0 | K85: =SUM(K60:K84) -> 0 | L85: =SUM(L60:L84) -> 0 | ... T85: =SUM(T60:T84) -> 0 | V85: =SUM(V60:V84) -> 0 | W85: =SUM(W60:W84) -> 0 | Y85: =SUM(Y60:Y84) -> 0 | Z85: =SUM(Z60:Z84) -> 0 | AA85: =SUM(AA60:AA84) -> 0 | AB85: ='BIG CHAIR'!CL77 -> 14560 | AC85: ='Jordan Chair'!AH53 -> 0 | AD85: =Y85+AB85+AC85 -> 14560
A86: Production M-4 | B86: Name | C86: B.No. | D86: Date | E86: S-W | F86: P.Blue | G86: Red First | H86: P-Pink | I86: Gold | J86: Orange | K86: P-White | L86: Silver.B | M86: Black.Gold | N86: A.Gold | O86: P.Green | P86: T.Wood/M.B | Q86: Black | R86: R-W | S86: Brown | T86: Yellow | V86: Fresh | W86: C-Mix | Y86: Total | Z86: G.Rejn | AA86: G.Total
A87: Production add M- 4 | V87: =SUM(E87:T87) -> 0 | Y87: =V87+W87 -> 0 | AA87: =Y87+Z87 -> 0
A88: Production add M- 4 | V88: =SUM(E88:T88) -> 0 | Y88: =V88+W88 -> 0 | AA88: =Y88+Z88 -> 0
A89: Production add M- 4 | V89: =SUM(E89:T89) -> 0 | Y89: =V89+W89 -> 0 | AA89: =Y89+Z89 -> 0
A90: Production add M- 4 | V90: =SUM(E90:T90) -> 0 | Y90: =V90+W90 -> 0 | AA90: =Y90+Z90 -> 0
A91: Production add M- 4 | V91: =SUM(E91:T91) -> 0 | Y91: =V91+W91 -> 0 | AA91: =Y91+Z91 -> 0
A92: Production add M- 4 | V92: =SUM(E92:T92) -> 0 | Y92: =V92+W92 -> 0 | AA92: =Y92+Z92 -> 0
A93: Production add M- 4 | V93: =SUM(E93:T93) -> 0 | Y93: =V93+W93 -> 0 | AA93: =Y93+Z93 -> 0
A94: Production add M- 4 | V94: =SUM(E94:T94) -> 0 | Y94: =V94+W94 -> 0 | AA94: =Y94+Z94 -> 0
A95: Production add M- 4 | V95: =SUM(E95:T95) -> 0 | Y95: =V95+W95 -> 0 | AA95: =Y95+Z95 -> 0
A96: Production add M- 4 | V96: =SUM(E96:T96) -> 0 | Y96: =V96+W96 -> 0 | AA96: =Y96+Z96 -> 0
A97: Production add M- 4 | V97: =SUM(E97:T97) -> 0 | Y97: =V97+W97 -> 0 | AA97: =Y97+Z97 -> 0
A98: Production add M- 4 | V98: =SUM(E98:T98) -> 0 | Y98: =V98+W98 -> 0 | AA98: =Y98+Z98 -> 0
... A110: Production add M- 4 | V110: =SUM(E110:T110) -> 0 | Y110: =V110+W110 -> 0 | AA110: =Y110+Z110 -> 0
A111: Production add M- 4 | V111: =SUM(E111:T111) -> 0 | Y111: =V111+W111 -> 0 | AA111: =Y111+Z111 -> 0 | AB111: Big Chair | AC111: Small Chair | AD111: Total Pro
A112: Production Machine - 4 | E112: =SUM(E87:E111) -> 0 | F112: =SUM(F87:F111) -> 0 | G112: =SUM(G87:G111) -> 0 | H112: =SUM(H87:H111) -> 0 | I112: =SUM(I87:I111) -> 0 | J112: =SUM(J87:J111) -> 0 | K112: =SUM(K87:K111) -> 0 | L112: =SUM(L87:L111) -> 0 | ... T112: =SUM(T87:T111) -> 0 | V112: =SUM(V87:V111) -> 0 | W112: =SUM(W87:W111) -> 0 | Y112: =SUM(Y87:Y111) -> 0 | Z112: =SUM(Z87:Z111) -> 0 | AA112: =SUM(AA87:AA111) -> 0 | AB112: ='BIG CHAIR'!CL104 -> 0 | AC112: ='Jordan Chair'!AH145 -> 0 | AD112: =Y112+AB112+AC112 -> 0
A113: Production M-5 | B113: Name | C113: B.No. | D113: Date | E113: S-W | F113: P.Blue | G113: Red First | H113: P-Pink | I113: Gold | J113: Orange | K113: P-White | L113: Silver.B | M113: Black.Gold | N113: A.Gold | O113: P.Green | P113: T.Wood/M.B | Q113: Black | R113: R-W | S113: Brown | T113: Yellow | V113: Fresh | W113: C-Mix | Y113: Total | Z113: G.Rejn | AA113: G.Total
A114: Production add M- 5 | V114: =SUM(E114:T114) -> 0 | Y114: =V114+W114 -> 0 | AA114: =Y114+Z114 -> 0
A115: Production add M- 5 | V115: =SUM(E115:T115) -> 0 | Y115: =V115+W115 -> 0 | AA115: =Y115+Z115 -> 0
A116: Production add M- 5 | V116: =SUM(E116:T116) -> 0 | Y116: =V116+W116 -> 0 | AA116: =Y116+Z116 -> 0
A117: Production add M- 5 | V117: =SUM(E117:T117) -> 0 | Y117: =V117+W117 -> 0 | AA117: =Y117+Z117 -> 0
A118: Production add M- 5 | V118: =SUM(E118:T118) -> 0 | Y118: =V118+W118 -> 0 | AA118: =Y118+Z118 -> 0
A119: Production add M- 5 | V119: =SUM(E119:T119) -> 0 | Y119: =V119+W119 -> 0 | AA119: =Y119+Z119 -> 0
A120: Production add M- 5 | V120: =SUM(E120:T120) -> 0 | Y120: =V120+W120 -> 0 | AA120: =Y120+Z120 -> 0
A121: Production add M- 5 | V121: =SUM(E121:T121) -> 0 | Y121: =V121+W121 -> 0 | AA121: =Y121+Z121 -> 0
A122: Production add M- 5 | V122: =SUM(E122:T122) -> 0 | Y122: =V122+W122 -> 0 | AA122: =Y122+Z122 -> 0
A123: Production add M- 5 | V123: =SUM(E123:T123) -> 0 | Y123: =V123+W123 -> 0 | AA123: =Y123+Z123 -> 0
A124: Production add M- 5 | V124: =SUM(E124:T124) -> 0 | Y124: =V124+W124 -> 0 | AA124: =Y124+Z124 -> 0
A125: Production add M- 5 | V125: =SUM(E125:T125) -> 0 | Y125: =V125+W125 -> 0 | AA125: =Y125+Z125 -> 0
... A137: Production add M- 5 | V137: =SUM(E137:T137) -> 0 | Y137: =V137+W137 -> 0 | AA137: =Y137+Z137 -> 0
A138: Production add M- 5 | V138: =SUM(E138:T138) -> 0 | Y138: =V138+W138 -> 0 | AA138: =Y138+Z138 -> 0 | AB138: Big Chair | AC138: Small Chair | AD138: Total Pro
A139: Production Machine - 5 | E139: =SUM(E114:E138) -> 0 | F139: =SUM(F114:F138) -> 0 | G139: =SUM(G114:G138) -> 0 | H139: =SUM(H114:H138) -> 0 | I139: =SUM(I114:I138) -> 0 | J139: =SUM(J114:J138) -> 0 | K139: =SUM(K114:K138) -> 0 | L139: =SUM(L114:L138) -> 0 | ... T139: =SUM(T114:T138) -> 0 | V139: =SUM(V114:V138) -> 0 | W139: =SUM(W114:W138) -> 0 | Y139: =SUM(Y114:Y138) -> 0 | Z139: =SUM(Z114:Z138) -> 0 | AA139: =SUM(AA114:AA138) -> 0 | AB139: ='BIG CHAIR'!CL132 -> 0 | AC139: ='Jordan Chair'!AH172 -> 300 | AD139: =Y139+AB139+AC139 -> 300
A140: Production M-6 | B140: Name | C140: B.No. | D140: Date | E140: S-W | F140: P.Blue | G140: Red First | H140: P-Pink | I140: Gold | J140: Orange | K140: P-White | L140: Silver.B | M140: Black.Gold | N140: A.Gold | O140: P.Green | P140: T.Wood/M.B | Q140: Black | R140: R-W | S140: Brown | T140: Yellow | V140: Fresh | W140: C-Mix | Y140: Total | Z140: G.Rejn | AA140: G.Total
A141: Production add M- 6 | V141: =SUM(E141:T141) -> 0 | Y141: =V141+W141 -> 0 | AA141: =Y141+Z141 -> 0
A142: Production add M- 6 | V142: =SUM(E142:T142) -> 0 | Y142: =V142+W142 -> 0 | AA142: =Y142+Z142 -> 0
A143: Production add M- 6 | V143: =SUM(E143:T143) -> 0 | Y143: =V143+W143 -> 0 | AA143: =Y143+Z143 -> 0
A144: Production add M- 6 | V144: =SUM(E144:T144) -> 0 | Y144: =V144+W144 -> 0 | AA144: =Y144+Z144 -> 0
A145: Production add M- 6 | V145: =SUM(E145:T145) -> 0 | Y145: =V145+W145 -> 0 | AA145: =Y145+Z145 -> 0
...

Sheet Stool
A1: Finished Production of Fridge Stand - Period on Dated | I1: 1 | J1: 4 | K1: 2026
E2: Stool 1 | M2: Stool 2
A3: Production M-1 | B3: Name | C3: B.No. | D3: Date | E3: Red F | F3: P.Pink | G3: P.Green | H3: Orange | I3: M.B | J3: B.Gold | K3: P.Blue | M3: M.Beize | N3: Brown | O3: A.Gold | P3: P.Silver | Q3: Black | R3: B.Silver | S3: B Red | T3: S.W | V3: R.W | AE3: Fresh | AF3: Mix | AH3: Total | AI3: G.R.C. | AJ3: G.Total
A4: ='Tea Table'!A4 -> Opening Stock as on | B4: Pushpanjli | E4: =115*20 -> 2300 | F4: =9*20 -> 180 | G4: =46*20 -> 920 | H4: =48*20 -> 960 | K4: =28*20 -> 560 | M4: =25*20 -> 500 | N4: =192*20 -> 3840 | O4: =183*20 -> 3660 | AE4: =SUM(E4:AC4) -> 12920 | AH4: =AF4+AE4 -> 12920 | AJ4: =AH4+AI4 -> 12920
A5: Production add M- 1 | AE5: =SUM(E5:AC5) -> 0 | AH5: =AE5+AF5 -> 0 | AJ5: =AH5+AI5 -> 0
A6: Production add M- 1 | AE6: =SUM(E6:AC6) -> 0 | AH6: =AE6+AF6 -> 0 | AJ6: =AH6+AI6 -> 0
A7: Production add M- 1 | AE7: =SUM(E7:AC7) -> 0 | AH7: =AE7+AF7 -> 0 | AJ7: =AH7+AI7 -> 0
A8: Production add M- 1 | AE8: =SUM(E8:AC8) -> 0 | AH8: =AE8+AF8 -> 0 | AJ8: =AH8+AI8 -> 0
A9: Production add M- 1 | AE9: =SUM(E9:AC9) -> 0 | AH9: =AE9+AF9 -> 0 | AJ9: =AH9+AI9 -> 0
A10: Production add M- 1 | AE10: =SUM(E10:AC10) -> 0 | AH10: =AE10+AF10 -> 0 | AJ10: =AH10+AI10 -> 0
A11: Production add M- 1 | AE11: =SUM(E11:AC11) -> 0 | AH11: =AE11+AF11 -> 0 | AJ11: =AH11+AI11 -> 0
A12: Production add M- 1 | AE12: =SUM(E12:AC12) -> 0 | AH12: =AE12+AF12 -> 0 | AJ12: =AH12+AI12 -> 0
A13: Production add M- 1 | AE13: =SUM(E13:AC13) -> 0 | AH13: =AE13+AF13 -> 0 | AJ13: =AH13+AI13 -> 0
A14: Production add M- 1 | AE14: =SUM(E14:AC14) -> 0 | AH14: =AE14+AF14 -> 0 | AJ14: =AH14+AI14 -> 0
A15: Production add M- 1 | AE15: =SUM(E15:AC15) -> 0 | AH15: =AE15+AF15 -> 0 | AJ15: =AH15+AI15 -> 0
A16: Production add M- 1 | AE16: =SUM(E16:AC16) -> 0 | AH16: =AE16+AF16 -> 0 | AJ16: =AH16+AI16 -> 0
... A36: Production add M- 1 | AE36: =SUM(E36:AC36) -> 0 | AH36: =AE36+AF36 -> 0 | AJ36: =AH36+AI36 -> 0
A37: Production add M- 1 | AE37: =SUM(E37:AC37) -> 0 | AH37: =AE37+AF37 -> 0 | AJ37: =AH37+AI37 -> 0 | AK37: Big Chair | AL37: Table | AM37: Total Pro
A38: Production Machine - 1 | E38: =SUM(E5:E37) -> 0 | F38: =SUM(F5:F37) -> 0 | G38: =SUM(G5:G37) -> 0 | H38: =SUM(H5:H37) -> 0 | I38: =SUM(I5:I37) -> 0 | J38: =SUM(J5:J37) -> 0 | K38: =SUM(K5:K37) -> 0 | L38: =SUM(L5:L37) -> 0 | ... AJ38: =SUM(AJ5:AJ37) -> 0 | AK38: ='BIG CHAIR'!CL36 -> 0 | AL38: ='Tea Table'!X29 -> 0 | AM38: =AH38+AK38+AL38 -> 0
A40: Production M-2 | B40: Name | C40: B.No. | D40: Date | E40: Red F | F40: P.Pink | G40: P.Green | H40: Orange | I40: M.B | J40: B.Gold | K40: P.Blue | M40: M.Beize | N40: Brown | O40: A.Gold | P40: P.Silver | Q40: Black | R40: B.Silver | S40: B Red | V40: R.W | W40: Brown | X40: M.Beige Ist | Y40: A.Gold | AA40: White | AB40: P.Green | AE40: Fresh | AF40: Mix | AH40: Total | AI40: G.R.C. | AJ40: G.Total
A41: Production add M- 2 | AE41: =SUM(E41:AC41) -> 0 | AH41: =AE41+AF41 -> 0 | AJ41: =AH41+AI41 -> 0
A42: Production add M- 2 | AE42: =SUM(E42:AC42) -> 0 | AH42: =AE42+AF42 -> 0 | AJ42: =AH42+AI42 -> 0
A43: Production add M- 2 | AE43: =SUM(E43:AC43) -> 0 | AH43: =AE43+AF43 -> 0 | AJ43: =AH43+AI43 -> 0
A44: Production add M- 2 | AE44: =SUM(E44:AC44) -> 0 | AH44: =AE44+AF44 -> 0 | AJ44: =AH44+AI44 -> 0
A45: Production add M- 2 | AE45: =SUM(E45:AC45) -> 0 | AH45: =AE45+AF45 -> 0 | AJ45: =AH45+AI45 -> 0
A46: Production add M- 2 | AE46: =SUM(E46:AC46) -> 0 | AH46: =AE46+AF46 -> 0 | AJ46: =AH46+AI46 -> 0
A47: Production add M- 2 | AE47: =SUM(E47:AC47) -> 0 | AH47: =AE47+AF47 -> 0 | AJ47: =AH47+AI47 -> 0
A48: Production add M- 2 | AE48: =SUM(E48:AC48) -> 0 | AH48: =AE48+AF48 -> 0 | AJ48: =AH48+AI48 -> 0
A49: Production add M- 2 | AE49: =SUM(E49:AC49) -> 0 | AH49: =AE49+AF49 -> 0 | AJ49: =AH49+AI49 -> 0
A50: Production add M- 2 | AE50: =SUM(E50:AC50) -> 0 | AH50: =AE50+AF50 -> 0 | AJ50: =AH50+AI50 -> 0
A51: Production add M- 2 | AE51: =SUM(E51:AC51) -> 0 | AH51: =AE51+AF51 -> 0 | AJ51: =AH51+AI51 -> 0
AE52: =SUM(E52:AC52) -> 0 | AH52: =AE52+AF52 -> 0 | AJ52: =AH52+AI52 -> 0 | AK52: Big Chair | AL52: Table | AM52: Total Pro
A53: Production Machine - 2 | E53: =SUM(E41:E52) -> 0 | F53: =SUM(F41:F52) -> 0 | G53: =SUM(G41:G52) -> 0 | H53: =SUM(H41:H52) -> 0 | I53: =SUM(I41:I52) -> 0 | J53: =SUM(J41:J52) -> 0 | K53: =SUM(K41:K52) -> 0 | M53: =SUM(M41:M52) -> 0 | N53: =SUM(N41:N52) -> 0 | O53: =SUM(O41:O52) -> 0 | P53: =SUM(P41:P52) -> 0 | Q53: =SUM(Q41:Q52) -> 0 | R53: =SUM(R41:R52) -> 0 | S53: =SUM(S41:S52) -> 0 | T53: =SUM(T41:T52) -> 0 | V53: =SUM(V41:V52) -> 0 | W53: =SUM(W41:W52) -> 0 | X53: =SUM(X41:X52) -> 0 | Y53: =SUM(Y41:Y52) -> 0 | Z53: =SUM(Z41:Z52) -> 0 | AA53: =SUM(AA41:AA52) -> 0 | AB53: =SUM(AB41:AB52) -> 0 | AC53: =SUM(AC41:AC52) -> 0 | AE53: =SUM(AE41:AE52) -> 0 | AF53: =SUM(AF41:AF52) -> 0 | AG53: =SUM(AG41:AG52) -> 0 | AH53: =SUM(AH41:AH52) -> 0 | AI53: =SUM(AI41:AI52) -> 0 | AJ53: =SUM(AJ41:AJ52) -> 0 | AK53: ='BIG CHAIR'!CL77 -> 14560 | AL53: ='Tea Table'!X85 -> 0 | AM53: =AH53+AK53+AL53 -> 14560
A55: Production M-3 | B55: Name | C55: B.No. | D55: Date | E55: Red F | F55: P.Pink | G55: P.Green | H55: Orange | I55: M.B | J55: B.Gold | K55: P.Blue | M55: M.Beize | N55: Brown | O55: A.Gold | P55: P.Silver | Q55: Black | R55: B.Silver | S55: B Red | V55: R.W | W55: Brown | X55: R.WOOD | Y55: A.Gold | AA55: White | AB55: P.Green | AE55: Fresh | AF55: Mix | AH55: Total | AI55: G.R.C. | AJ55: G.Total
A56: Production add M- 3 | AE56: =SUM(E56:AC56) -> 0 | AH56: =AE56+AF56 -> 0 | AJ56: =AH56+AI56 -> 0
A57: Production add M- 3 | AE57: =SUM(E57:AC57) -> 0 | AH57: =AE57+AF57 -> 0 | AJ57: =AH57+AI57 -> 0
A58: Production add M- 3 | AE58: =SUM(E58:AC58) -> 0 | AH58: =AE58+AF58 -> 0 | AJ58: =AH58+AI58 -> 0
A59: Production add M- 3 | AE59: =SUM(E59:AC59) -> 0 | AH59: =AE59+AF59 -> 0 | AJ59: =AH59+AI59 -> 0
A60: Production add M- 3 | AE60: =SUM(E60:AC60) -> 0 | AH60: =AE60+AF60 -> 0 | AJ60: =AH60+AI60 -> 0
A61: Production add M- 3 | AE61: =SUM(E61:AC61) -> 0 | AH61: =AE61+AF61 -> 0 | AJ61: =AH61+AI61 -> 0
A62: Production add M- 3 | AE62: =SUM(E62:AC62) -> 0 | AH62: =AE62+AF62 -> 0 | AJ62: =AH62+AI62 -> 0
A63: Production add M- 3 | AE63: =SUM(E63:AC63) -> 0 | AH63: =AE63+AF63 -> 0 | AJ63: =AH63+AI63 -> 0
A64: Production add M- 3 | AE64: =SUM(E64:AC64) -> 0 | AH64: =AE64+AF64 -> 0 | AJ64: =AH64+AI64 -> 0
A65: Production add M- 3 | AE65: =SUM(E65:AC65) -> 0 | AH65: =AE65+AF65 -> 0 | AJ65: =AH65+AI65 -> 0
A66: Production add M- 3 | AE66: =SUM(E66:AC66) -> 0 | AH66: =AE66+AF66 -> 0 | AJ66: =AH66+AI66 -> 0
AE67: =SUM(E67:AC67) -> 0 | AH67: =AE67+AF67 -> 0 | AJ67: =AH67+AI67 -> 0 | AK67: Big Chair | AL67: Table | AM67: Total Pro
A68: Production Machine - 3 | E68: =SUM(E56:E67) -> 0 | F68: =SUM(F56:F67) -> 0 | G68: =SUM(G56:G67) -> 0 | H68: =SUM(H56:H67) -> 0 | I68: =SUM(I56:I67) -> 0 | J68: =SUM(J56:J67) -> 0 | K68: =SUM(K56:K67) -> 0 | M68: =SUM(M56:M67) -> 0 | N68: =SUM(N56:N67) -> 0 | O68: =SUM(O56:O67) -> 0 | P68: =SUM(P56:P67) -> 0 | Q68: =SUM(Q56:Q67) -> 0 | R68: =SUM(R56:R67) -> 0 | S68: =SUM(S56:S67) -> 0 | T68: =SUM(T56:T67) -> 0 | V68: =SUM(V56:V67) -> 0 | W68: =SUM(W56:W67) -> 0 | X68: =SUM(X56:X67) -> 0 | Y68: =SUM(Y56:Y67) -> 0 | Z68: =SUM(Z56:Z67) -> 0 | AA68: =SUM(AA56:AA67) -> 0 | AB68: =SUM(AB56:AB67) -> 0 | AC68: =SUM(AC56:AC67) -> 0 | AE68: =SUM(AE56:AE67) -> 0 | AF68: =SUM(AF56:AF67) -> 0 | AG68: =SUM(AG56:AG67) -> 0 | AH68: =SUM(AH56:AH67) -> 0 | AI68: =SUM(AI56:AI67) -> 0 | AJ68: =SUM(AJ56:AJ67) -> 0 | AK68: ='BIG CHAIR'!CL91 -> 0 | AL68: ='Tea Table'!X181 -> 0 | AM68: =AH68+AK68+AL68 -> 0
A69: Production M-4 | B69: Name | C69: B.No. | D69: Date | E69: Red F | F69: P.Pink | G69: P.Green | H69: Orange | I69: M.B | J69: B.Gold | K69: P.Blue | M69: M.Beize | N69: Brown | O69: A.Gold | P69: P.Silver | Q69: Black | R69: B.Silver | S69: B Red | V69: R.W | W69: Brown | X69: R.WOOD | Y69: A.Gold | AA69: White | AB69: P.Green | AE69: Fresh | AF69: Mix | AH69: Total | AI69: G.R.C. | AJ69: G.Total
A70: Production add M- 4 | AE70: =SUM(E70:AC70) -> 0 | AH70: =AE70+AF70 -> 0 | AJ70: =AH70+AI70 -> 0
A71: Production add M- 4 | AE71: =SUM(E71:AC71) -> 0 | AH71: =AE71+AF71 -> 0 | AJ71: =AH71+AI71 -> 0
A72: Production add M- 4 | AE72: =SUM(E72:AC72) -> 0 | AH72: =AE72+AF72 -> 0 | AJ72: =AH72+AI72 -> 0
A73: Production add M- 4 | AE73: =SUM(E73:AC73) -> 0 | AH73: =AE73+AF73 -> 0 | AJ73: =AH73+AI73 -> 0
A74: Production add M- 4 | AE74: =SUM(E74:AC74) -> 0 | AH74: =AE74+AF74 -> 0 | AJ74: =AH74+AI74 -> 0
A75: Production add M- 4 | AE75: =SUM(E75:AC75) -> 0 | AH75: =AE75+AF75 -> 0 | AJ75: =AH75+AI75 -> 0
A76: Production add M- 4 | AE76: =SUM(E76:AC76) -> 0 | AH76: =AE76+AF76 -> 0 | AJ76: =AH76+AI76 -> 0
A77: Production add M- 4 | AE77: =SUM(E77:AC77) -> 0 | AH77: =AE77+AF77 -> 0 | AJ77: =AH77+AI77 -> 0
A78: Production add M- 4 | AE78: =SUM(E78:AC78) -> 0 | AH78: =AE78+AF78 -> 0 | AJ78: =AH78+AI78 -> 0
A79: Production add M- 4 | AE79: =SUM(E79:AC79) -> 0 | AH79: =AE79+AF79 -> 0 | AJ79: =AH79+AI79 -> 0
A80: Production add M- 4 | AE80: =SUM(E80:AC80) -> 0 | AH80: =AE80+AF80 -> 0 | AJ80: =AH80+AI80 -> 0
AE81: =SUM(E81:AC81) -> 0 | AH81: =AE81+AF81 -> 0 | AJ81: =AH81+AI81 -> 0 | AK81: Big Chair | AL81: Table | AM81: Total Pro
A82: Production Machine - 4 | E82: =SUM(E70:E81) -> 0 | F82: =SUM(F70:F81) -> 0 | G82: =SUM(G70:G81) -> 0 | H82: =SUM(H70:H81) -> 0 | I82: =SUM(I70:I81) -> 0 | J82: =SUM(J70:J81) -> 0 | K82: =SUM(K70:K81) -> 0 | L82: =SUM(L70:L81) -> 0 | ... AJ82: =SUM(AJ70:AJ81) -> 0 | AK82: ='BIG CHAIR'!CL105 -> 0 | AL82: ='Tea Table'!X195 -> 0 | AM82: =AH82+AK82+AL82 -> 0
A83: Production M-5 | B83: Name | C83: B.No. | D83: Date | E83: Red F | F83: P.Pink | G83: P.Green | H83: Orange | I83: M.B | J83: B.Gold | K83: P.Blue | M83: M.Beize | N83: Brown | O83: A.Gold | P83: P.Silver | Q83: Black | R83: B.Silver | S83: B Red | V83: R.W | W83: Brown | X83: R.WOOD | Y83: A.Gold | AA83: White | AB83: P.Green | AE83: Fresh | AF83: Mix | AH83: Total | AI83: G.R.C. | AJ83: G.Total
A84: Production add M- 5 | AE84: =SUM(E84:AC84) -> 0 | AH84: =AE84+AF84 -> 0 | AJ84: =AH84+AI84 -> 0
A85: Production add M- 5 | AE85: =SUM(E85:AC85) -> 0 | AH85: =AE85+AF85 -> 0 | AJ85: =AH85+AI85 -> 0
A86: Production add M- 5 | AE86: =SUM(E86:AC86) -> 0 | AH86: =AE86+AF86 -> 0 | AJ86: =AH86+AI86 -> 0
A87: Production add M- 5 | AE87: =SUM(E87:AC87) -> 0 | AH87: =AE87+AF87 -> 0 | AJ87: =AH87+AI87 -> 0
A88: Production add M- 5 | AE88: =SUM(E88:AC88) -> 0 | AH88: =AE88+AF88 -> 0 | AJ88: =AH88+AI88 -> 0
A89: Production add M- 5 | AE89: =SUM(E89:AC89) -> 0 | AH89: =AE89+AF89 -> 0 | AJ89: =AH89+AI89 -> 0
A90: Production add M- 5 | AE90: =SUM(E90:AC90) -> 0 | AH90: =AE90+AF90 -> 0 | AJ90: =AH90+AI90 -> 0
A91: Production add M- 5 | AE91: =SUM(E91:AC91) -> 0 | AH91: =AE91+AF91 -> 0 | AJ91: =AH91+AI91 -> 0
A92: Production add M- 5 | AE92: =SUM(E92:AC92) -> 0 | AH92: =AE92+AF92 -> 0 | AJ92: =AH92+AI92 -> 0
A93: Production add M- 5 | AE93: =SUM(E93:AC93) -> 0 | AH93: =AE93+AF93 -> 0 | AJ93: =AH93+AI93 -> 0
A94: Production add M- 5 | AE94: =SUM(E94:AC94) -> 0 | AH94: =AE94+AF94 -> 0 | AJ94: =AH94+AI94 -> 0
A95: Production add M- 5 | AE95: =SUM(E95:AC95) -> 0 | AH95: =AE95+AF95 -> 0 | AJ95: =AH95+AI95 -> 0
... A99: Production add M- 5 | AE99: =SUM(E99:AC99) -> 0 | AH99: =AE99+AF99 -> 0 | AJ99: =AH99+AI99 -> 0
AE100: =SUM(E100:AC100) -> 0 | AH100: =AE100+AF100 -> 0 | AJ100: =AH100+AI100 -> 0 | AK100: Big Chair | AL100: Table | AM100: Total Pro
A101: Production Machine - 5 | E101: =SUM(E84:E100) -> 0 | F101: =SUM(F84:F100) -> 0 | G101: =SUM(G84:G100) -> 0 | H101: =SUM(H84:H100) -> 0 | I101: =SUM(I84:I100) -> 0 | J101: =SUM(J84:J100) -> 0 | K101: =SUM(K84:K100) -> 0 | L101: =SUM(L84:L100) -> 0 | ... AJ101: =SUM(AJ84:AJ100) -> 0 | AK101: ='BIG CHAIR'!CL119 -> 0 | AL101: ='Tea Table'!X209 -> 144 | AM101: =AH101+AK101+AL101 -> 144
A102: Production M-6 | B102: Name | C102: B.No. | D102: Date | E102: Red F | F102: P.Pink | G102: P.Green | H102: Orange | I102: M.B | J102: B.Gold | M102: M.Beize | N102: Brown | O102: A.Gold | P102: P.Silver | Q102: Black | R102: B.Silver | S102: B Red | T102: M.Beige Ist | V102: R.W | W102: Brown | X102: R.WOOD | Y102: A.Gold | AA102: White | AB102: P.Green | AE102: Fresh | AF102: Mix | AH102: Total | AI102: G.R.C. | AJ102: G.Total
A103: Production add M- 6 | AE103: =SUM(E103:AC103) -> 0 | AH103: =AE103+AF103 -> 0 | AJ103: =AH103+AI103 -> 0
A104: Production add M- 6 | AE104: =SUM(E104:AC104) -> 0 | AH104: =AE104+AF104 -> 0 | AJ104: =AH104+AI104 -> 0
A105: Production add M- 6 | AE105: =SUM(E105:AC105) -> 0 | AH105: =AE105+AF105 -> 0 | AJ105: =AH105+AI105 -> 0
A106: Production add M- 6 | AE106: =SUM(E106:AC106) -> 0 | AH106: =AE106+AF106 -> 0 | AJ106: =AH106+AI106 -> 0
A107: Production add M- 6 | AE107: =SUM(E107:AC107) -> 0 | AH107: =AE107+AF107 -> 0 | AJ107: =AH107+AI107 -> 0
A108: Production add M- 6 | AE108: =SUM(E108:AC108) -> 0 | AH108: =AE108+AF108 -> 0 | AJ108: =AH108+AI108 -> 0
A109: Production add M- 6 | AE109: =SUM(E109:AC109) -> 0 | AH109: =AE109+AF109 -> 0 | AJ109: =AH109+AI109 -> 0
A110: Production add M- 6 | AE110: =SUM(E110:AC110) -> 0 | AH110: =AE110+AF110 -> 0 | AJ110: =AH110+AI110 -> 0
A111: Production add M- 6 | AE111: =SUM(E111:AC111) -> 0 | AH111: =AE111+AF111 -> 0 | AJ111: =AH111+AI111 -> 0
A112: Production add M- 6 | AE112: =SUM(E112:AC112) -> 0 | AH112: =AE112+AF112 -> 0 | AJ112: =AH112+AI112 -> 0
A113: Production add M- 6 | AE113: =SUM(E113:AC113) -> 0 | AH113: =AE113+AF113 -> 0 | AJ113: =AH113+AI113 -> 0
A114: Production add M- 6 | AE114: =SUM(E114:AC114) -> 0 | AH114: =AE114+AF114 -> 0 | AJ114: =AH114+AI114 -> 0 | AK114: Big Chair | AL114: Table | AM114: Total Pro
A115: Production Machine -6 | E115: =SUM(E103:E114) -> 0 | F115: =SUM(F103:F114) -> 0 | G115: =SUM(G103:G114) -> 0 | H115: =SUM(H103:H114) -> 0 | I115: =SUM(I103:I114) -> 0 | J115: =SUM(J103:J114) -> 0 | K115: =SUM(K103:K114) -> 0 | L115: =SUM(L103:L114) -> 0 | ... AJ115: =SUM(AJ103:AJ114) -> 0 | AK115: ='BIG CHAIR'!CL119 -> 0 | AL115: ='Tea Table'!X207 -> 120 | AM115: =AH115+AK115+AL115 -> 120
A116: Production M-7 | B116: Name | C116: B.No. | D116: Date | E116: Red F | F116: P.Pink | G116: P.Green | H116: Orange | I116: M.B | J116: B.Gold | M116: M.Beize | N116: Brown | O116: A.Gold | P116: P.Silver | Q116: Black | R116: B.Silver | S116: B Red | T116: M.Beige Ist | V116: R.W | W116: Brown | X116: R.WOOD | Y116: A.Gold | AA116: White | AB116: P.Green | AE116: Fresh | AF116: Mix | AH116: Total | AI116: G.R.C. | AJ116: G.Total
A117: Production add M- 7 | AE117: =SUM(E117:AC117) -> 0 | AH117: =AE117+AF117 -> 0 | AJ117: =AH117+AI117 -> 0
A118: Production add M- 7 | AE118: =SUM(E118:AC118) -> 0 | AH118: =AE118+AF118 -> 0 | AJ118: =AH118+AI118 -> 0
A119: Production add M- 7 | AE119: =SUM(E119:AC119) -> 0 | AH119: =AE119+AF119 -> 0 | AJ119: =AH119+AI119 -> 0
A120: Production add M- 7 | AE120: =SUM(E120:AC120) -> 0 | AH120: =AE120+AF120 -> 0 | AJ120: =AH120+AI120 -> 0
A121: Production add M- 7 | AE121: =SUM(E121:AC121) -> 0 | AH121: =AE121+AF121 -> 0 | AJ121: =AH121+AI121 -> 0
A122: Production add M- 7 | AE122: =SUM(E122:AC122) -> 0 | AH122: =AE122+AF122 -> 0 | AJ122: =AH122+AI122 -> 0
A123: Production add M- 7 | AE123: =SUM(E123:AC123) -> 0 | AH123: =AE123+AF123 -> 0 | AJ123: =AH123+AI123 -> 0
A124: Production add M- 7 | AE124: =SUM(E124:AC124) -> 0 | AH124: =AE124+AF124 -> 0 | AJ124: =AH124+AI124 -> 0
...

Sheet Activa
A1: Finished Production of New Mould - Period on Dated | I1: 1 | J1: 4 | K1: 26
E2: 4001 (Cushion) | M2: 4002 (Y) | V2: 4003 (Goli)
A3: Production M-1 | B3: Name | C3: B.No. | D3: Date | E3: A.Gold | F3: Orange | G3: Brown | H3: YELLOW | I3: P.Blue/D. Blue | J3: Red 1 | K3: P. Green | M3: A.Gold | N3: Gold 4001 | O3: S.B 4001 | P3: Pink 4001 | Q3: M.Bz | S3: Brown | T3: T.Wood | V3: A.Gold | W3: B.G | X3: M.BZ | Y3: S.B | Z3: Brown | AB3: Gold | AC3: T.Wood | AE3: Fresh | AF3: Mix | AH3: Total | AI3: G.R.C. | AJ3: G.Total
A4: ='Tea Table'!A4 -> Opening Stock as on | B4: Pushpanjli | G4: =80*16 -> 1280 | M4: =62*16 -> 992 | N4: =23*16+63*16 -> 1376 | S4: =83*16 -> 1328 | T4: =49*16+77*16 -> 2016 | V4: =48*16 -> 768 | W4: =105*16 -> 1680 | X4: =27*16 -> 432 | Y4: =8*16 -> 128 | Z4: =52*16 -> 832 | AC4: =25*16 -> 400 | AE4: =SUM(E4:AC4) -> 11232 | AH4: =AF4+AE4 -> 11232 | AJ4: =AH4+AI4 -> 11232
A5: Production add M- 1 | AE5: =SUM(E5:AC5) -> 0 | AH5: =AE5+AF5 -> 0 | AJ5: =AH5+AI5 -> 0
A6: Production add M- 1 | AE6: =SUM(E6:AC6) -> 0 | AH6: =AE6+AF6 -> 0 | AJ6: =AH6+AI6 -> 0
A7: Production add M- 1 | AE7: =SUM(E7:AC7) -> 0 | AH7: =AE7+AF7 -> 0 | AJ7: =AH7+AI7 -> 0
A8: Production add M- 1 | AE8: =SUM(E8:AC8) -> 0 | AH8: =AE8+AF8 -> 0 | AJ8: =AH8+AI8 -> 0
A9: Production add M- 1 | AE9: =SUM(E9:AC9) -> 0 | AH9: =AE9+AF9 -> 0 | AJ9: =AH9+AI9 -> 0
A10: Production add M- 1 | AE10: =SUM(E10:AC10) -> 0 | AH10: =AE10+AF10 -> 0 | AJ10: =AH10+AI10 -> 0
A11: Production add M- 1 | AE11: =SUM(E11:AC11) -> 0 | AH11: =AE11+AF11 -> 0 | AJ11: =AH11+AI11 -> 0
A12: Production add M- 1 | AE12: =SUM(E12:AC12) -> 0 | AH12: =AE12+AF12 -> 0 | AJ12: =AH12+AI12 -> 0
A13: Production add M- 1 | AE13: =SUM(E13:AC13) -> 0 | AH13: =AE13+AF13 -> 0 | AJ13: =AH13+AI13 -> 0
A14: Production add M- 1 | AE14: =SUM(E14:AC14) -> 0 | AH14: =AE14+AF14 -> 0 | AJ14: =AH14+AI14 -> 0
A15: Production add M- 1 | AE15: =SUM(E15:AC15) -> 0 | AH15: =AE15+AF15 -> 0 | AJ15: =AH15+AI15 -> 0
A16: Production add M- 1 | AE16: =SUM(E16:AC16) -> 0 | AH16: =AE16+AF16 -> 0 | AJ16: =AH16+AI16 -> 0
... A37: Production add M- 1 | AE37: =SUM(E37:AC37) -> 0 | AH37: =AE37+AF37 -> 0 | AJ37: =AH37+AI37 -> 0
A38: Production add M- 1 | AE38: =SUM(E38:AC38) -> 0 | AH38: =AE38+AF38 -> 0 | AJ38: =AH38+AI38 -> 0 | AK38: Big Chair | AL38: Table | AM38: Total Pro
A39: Production Machine - 1 | E39: =SUM(E5:E38) -> 0 | F39: =SUM(F5:F38) -> 0 | G39: =SUM(G5:G38) -> 0 | H39: =SUM(H5:H38) -> 0 | I39: =SUM(I5:I38) -> 0 | J39: =SUM(J5:J38) -> 0 | K39: =SUM(K5:K38) -> 0 | L39: =SUM(L5:L38) -> 0 | ... AJ39: =SUM(AJ5:AJ38) -> 0 | AK39: ='BIG CHAIR'!CL36 -> 0 | AL39: ='Tea Table'!X29 -> 0 | AM39: =AH39+AK39+AL39 -> 0
A41: Production M-2 | B41: Name | C41: B.No. | D41: Date | E41: A.Gold | G41: Brown | I41: M.Bz | M41: A.Gold | N41: Gold | O41: S.B 4001 | P41: Pink 4001 | Q41: M.Bz | S41: Brown | T41: T.Wood | V41: A.Gold | X41: M.BZ | Z41: Brown | AB41: Gold | AC41: T.Wood | AE41: Fresh | AF41: Mix | AH41: Total | AI41: G.R.C. | AJ41: G.Total
A42: Production add M- 2 | AE42: =SUM(E42:AC42) -> 0 | AH42: =AE42+AF42 -> 0 | AJ42: =AH42+AI42 -> 0
A43: Production add M- 2 | AE43: =SUM(E43:AC43) -> 0 | AH43: =AE43+AF43 -> 0 | AJ43: =AH43+AI43 -> 0
A44: Production add M- 2 | AE44: =SUM(E44:AC44) -> 0 | AH44: =AE44+AF44 -> 0 | AJ44: =AH44+AI44 -> 0
A45: Production add M- 2 | AE45: =SUM(E45:AC45) -> 0 | AH45: =AE45+AF45 -> 0 | AJ45: =AH45+AI45 -> 0
A46: Production add M- 2 | AE46: =SUM(E46:AC46) -> 0 | AH46: =AE46+AF46 -> 0 | AJ46: =AH46+AI46 -> 0
A47: Production add M- 2 | AE47: =SUM(E47:AC47) -> 0 | AH47: =AE47+AF47 -> 0 | AJ47: =AH47+AI47 -> 0
A48: Production add M- 2 | AE48: =SUM(E48:AC48) -> 0 | AH48: =AE48+AF48 -> 0 | AJ48: =AH48+AI48 -> 0
A49: Production add M- 2 | AE49: =SUM(E49:AC49) -> 0 | AH49: =AE49+AF49 -> 0 | AJ49: =AH49+AI49 -> 0
A50: Production add M- 2 | AE50: =SUM(E50:AC50) -> 0 | AH50: =AE50+AF50 -> 0 | AJ50: =AH50+AI50 -> 0
A51: Production add M- 2 | AE51: =SUM(E51:AC51) -> 0 | AH51: =AE51+AF51 -> 0 | AJ51: =AH51+AI51 -> 0
A52: Production add M- 2 | AE52: =SUM(E52:AC52) -> 0 | AH52: =AE52+AF52 -> 0 | AJ52: =AH52+AI52 -> 0
A53: Production add M- 2 | AE53: =SUM(E53:AC53) -> 0 | AH53: =AE53+AF53 -> 0 | AJ53: =AH53+AI53 -> 0
... A58: Production add M- 2 | AE58: =SUM(E58:AC58) -> 0 | AH58: =AE58+AF58 -> 0 | AJ58: =AH58+AI58 -> 0
A59: Production add M- 2 | AE59: =SUM(E59:AC59) -> 0 | AH59: =AE59+AF59 -> 0 | AJ59: =AH59+AI59 -> 0 | AK59: Big Chair | AL59: Table | AM59: Total Pro
A60: Production add M- 2 | AE60: =SUM(E60:AC60) -> 0 | AH60: =AE60+AF60 -> 0 | AJ60: =AH60+AI60 -> 0 | AK60: Big Chair | AL60: Table | AM60: Total Pro
A61: Production add M- 2 | AE61: =SUM(E61:AC61) -> 0 | AH61: =AE61+AF61 -> 0 | AJ61: =AH61+AI61 -> 0 | AK61: Big Chair | AL61: Table | AM61: Total Pro
A62: Production add M- 2 | AE62: =SUM(E62:AC62) -> 0 | AH62: =AE62+AF62 -> 0 | AJ62: =AH62+AI62 -> 0 | AK62: Big Chair | AL62: Table | AM62: Total Pro
A63: Production add M- 2 | AE63: =SUM(E63:AC63) -> 0 | AH63: =AE63+AF63 -> 0 | AJ63: =AH63+AI63 -> 0 | AK63: Big Chair | AL63: Table | AM63: Total Pro
A64: Production add M- 2 | AE64: =SUM(E64:AC64) -> 0 | AH64: =AE64+AF64 -> 0 | AJ64: =AH64+AI64 -> 0 | AK64: Big Chair | AL64: Table | AM64: Total Pro
A65: Production add M- 2 | AE65: =SUM(E65:AC65) -> 0 | AH65: =AE65+AF65 -> 0 | AJ65: =AH65+AI65 -> 0 | AK65: Big Chair | AL65: Table | AM65: Total Pro
A66: Production add M- 2 | AE66: =SUM(E66:AC66) -> 0 | AH66: =AE66+AF66 -> 0 | AJ66: =AH66+AI66 -> 0 | AK66: Big Chair | AL66: Table | AM66: Total Pro
A67: Production add M- 2 | AE67: =SUM(E67:AC67) -> 0 | AH67: =AE67+AF67 -> 0 | AJ67: =AH67+AI67 -> 0 | AK67: Big Chair | AL67: Table | AM67: Total Pro
A68: Production add M- 2 | AE68: =SUM(E68:AC68) -> 0 | AH68: =AE68+AF68 -> 0 | AJ68: =AH68+AI68 -> 0 | AK68: Big Chair | AL68: Table | AM68: Total Pro
A69: Production add M- 2 | AE69: =SUM(E69:AC69) -> 0 | AH69: =AE69+AF69 -> 0 | AJ69: =AH69+AI69 -> 0 | AK69: Big Chair | AL69: Table | AM69: Total Pro
A70: Production add M- 2 | AE70: =SUM(E70:AC70) -> 0 | AH70: =AE70+AF70 -> 0 | AJ70: =AH70+AI70 -> 0 | AK70: Big Chair | AL70: Table | AM70: Total Pro
... A75: Production add M- 2 | AE75: =SUM(E75:AC75) -> 0 | AH75: =AE75+AF75 -> 0 | AJ75: =AH75+AI75 -> 0 | AK75: Big Chair | AL75: Table | AM75: Total Pro
A76: Production Machine - 2 | E76: =SUM(E42:E75) -> 0 | F76: =SUM(F42:F75) -> 0 | G76: =SUM(G42:G75) -> 0 | H76: =SUM(H42:H75) -> 0 | I76: =SUM(I42:I75) -> 0 | J76: =SUM(J42:J75) -> 0 | K76: =SUM(K42:K75) -> 0 | M76: =SUM(M42:M75) -> 0 | N76: =SUM(N42:N75) -> 0 | O76: =SUM(O42:O75) -> 0 | P76: =SUM(P42:P75) -> 0 | Q76: =SUM(Q42:Q75) -> 0 | R76: =SUM(R42:R75) -> 0 | S76: =SUM(S42:S75) -> 0 | T76: =SUM(T42:T75) -> 0 | V76: =SUM(V42:V75) -> 0 | W76: =SUM(W42:W75) -> 0 | X76: =SUM(X42:X75) -> 0 | Y76: =SUM(Y42:Y75) -> 0 | Z76: =SUM(Z42:Z75) -> 0 | AA76: =SUM(AA42:AA75) -> 0 | AB76: =SUM(AB42:AB75) -> 0 | AC76: =SUM(AC42:AC75) -> 0 | AE76: =SUM(AE42:AE75) -> 0 | AF76: =SUM(AF42:AF75) -> 0 | AG76: =SUM(AG42:AG75) -> 0 | AH76: =SUM(AH42:AH75) -> 0 | AI76: =SUM(AI42:AI75) -> 0 | AJ76: =SUM(AJ42:AJ75) -> 0 | AK76: ='BIG CHAIR'!CL77 -> 14560 | AL76: ='Tea Table'!X85 -> 0 | AM76: =AH76+AK76+AL76 -> 14560
A78: Production M-3 | B78: Name | C78: B.No. | D78: Date | E78: A.Gold | F78: Orange | G78: Brown | H78: P.Pink | I78: P.Blue/D. Blue | J78: Red 1 | K78: P. Green | M78: A.Gold | N78: Gold | O78: S.B 4001 | P78: Pink 4001 | Q78: M.Bz | S78: Brown | T78: T.Wood | V78: A.Gold | W78: Chery | X78: M.BZ | Z78: Brown | AB78: Gold | AC78: T.Wood | AE78: Fresh | AF78: Mix | AH78: Total | AI78: G.R.C. | AJ78: G.Total
A79: Production add M- 3 | AE79: =SUM(E79:AC79) -> 0 | AH79: =AE79+AF79 -> 0 | AJ79: =AH79+AI79 -> 0
A80: Production add M- 3 | AE80: =SUM(E80:AC80) -> 0 | AH80: =AE80+AF80 -> 0 | AJ80: =AH80+AI80 -> 0
A81: Production add M- 3 | AE81: =SUM(E81:AC81) -> 0 | AH81: =AE81+AF81 -> 0 | AJ81: =AH81+AI81 -> 0
A82: Production add M- 3 | AE82: =SUM(E82:AC82) -> 0 | AH82: =AE82+AF82 -> 0 | AJ82: =AH82+AI82 -> 0
A83: Production add M- 3 | AE83: =SUM(E83:AC83) -> 0 | AH83: =AE83+AF83 -> 0 | AJ83: =AH83+AI83 -> 0
A84: Production add M- 3 | AE84: =SUM(E84:AC84) -> 0 | AH84: =AE84+AF84 -> 0 | AJ84: =AH84+AI84 -> 0
A85: Production add M- 3 | AE85: =SUM(E85:AC85) -> 0 | AH85: =AE85+AF85 -> 0 | AJ85: =AH85+AI85 -> 0
A86: Production add M- 3 | AE86: =SUM(E86:AC86) -> 0 | AH86: =AE86+AF86 -> 0 | AJ86: =AH86+AI86 -> 0
A87: Production add M- 3 | AE87: =SUM(E87:AC87) -> 0 | AH87: =AE87+AF87 -> 0 | AJ87: =AH87+AI87 -> 0
A88: Production add M- 3 | AE88: =SUM(E88:AC88) -> 0 | AH88: =AE88+AF88 -> 0 | AJ88: =AH88+AI88 -> 0
A89: Production add M- 3 | AE89: =SUM(E89:AC89) -> 0 | AH89: =AE89+AF89 -> 0 | AJ89: =AH89+AI89 -> 0
A90: Production add M- 3 | AE90: =SUM(E90:AC90) -> 0 | AH90: =AE90+AF90 -> 0 | AJ90: =AH90+AI90 -> 0
... A92: Production add M- 3 | AE92: =SUM(E92:AC92) -> 0 | AH92: =AE92+AF92 -> 0 | AJ92: =AH92+AI92 -> 0
A93: Production add M- 3 | AE93: =SUM(E93:AC93) -> 0 | AH93: =AE93+AF93 -> 0 | AJ93: =AH93+AI93 -> 0 | AK93: Big Chair | AL93: Table | AM93: Total Pro
A94: Production Machine - 3 | E94: =SUM(E79:E93) -> 0 | F94: =SUM(F79:F93) -> 0 | G94: =SUM(G79:G93) -> 0 | H94: =SUM(H79:H93) -> 0 | I94: =SUM(I79:I93) -> 0 | J94: =SUM(J79:J93) -> 0 | K94: =SUM(K79:K93) -> 0 | M94: =SUM(M79:M93) -> 0 | N94: =SUM(N79:N93) -> 0 | O94: =SUM(O79:O93) -> 0 | P94: =SUM(P79:P93) -> 0 | Q94: =SUM(Q79:Q93) -> 0 | R94: =SUM(R79:R93) -> 0 | S94: =SUM(S79:S93) -> 0 | T94: =SUM(T79:T93) -> 0 | V94: =SUM(V79:V93) -> 0 | W94: =SUM(W79:W93) -> 0 | X94: =SUM(X79:X93) -> 0 | Y94: =SUM(Y79:Y93) -> 0 | Z94: =SUM(Z79:Z93) -> 0 | AA94: =SUM(AA79:AA93) -> 0 | AB94: =SUM(AB79:AB93) -> 0 | AC94: =SUM(AC79:AC93) -> 0 | AE94: =SUM(AE79:AE93) -> 0 | AF94: =SUM(AF79:AF93) -> 0 | AG94: =SUM(AG79:AG93) -> 0 | AH94: =SUM(AH79:AH93) -> 0 | AI94: =SUM(AI79:AI93) -> 0 | AJ94: =SUM(AJ79:AJ93) -> 0 | AK94: ='BIG CHAIR'!CL91 -> 0 | AL94: ='Tea Table'!X181 -> 0 | AM94: =AH94+AK94+AL94 -> 0
A95: Production M-4 | B95: Name | C95: B.No. | D95: Date | E95: A.Gold | G95: Brown | I95: M.Bz | M95: A.Gold | N95: Gold | O95: S.B 4001 | P95: Pink 4001 | Q95: M.Bz | S95: Brown | T95: T.Wood | V95: A.Gold | X95: M.BZ | Z95: Brown | AB95: Gold | AC95: T.Wood | AE95: Fresh | AF95: Mix | AH95: Total | AI95: G.R.C. | AJ95: G.Total
A96: Production add M- 4 | D96: 46116 | AC96: =20*16+25*16 -> 720 | AE96: =SUM(E96:AC96) -> 720 | AF96: 5 | AH96: =AE96+AF96 -> 725 | AI96: =5+3 -> 8 | AJ96: =AH96+AI96 -> 733
A97: Production add M- 4 | D97: 46117 | T97: =21*16+31*16 -> 832 | AC97: =8*16 -> 128 | AE97: =SUM(E97:AC97) -> 960 | AF97: =1+5 -> 6 | AH97: =AE97+AF97 -> 966 | AI97: =7+6 -> 13 | AJ97: =AH97+AI97 -> 979
A98: Production add M- 4 | D98: 46118 | N98: =23*16+34*16 -> 912 | T98: =5*16 -> 80 | AE98: =SUM(E98:AC98) -> 992 | AF98: 2 | AH98: =AE98+AF98 -> 994 | AI98: =3+4 -> 7 | AJ98: =AH98+AI98 -> 1001
A99: Production add M- 4 | D99: 46119 | N99: =9*16 -> 144 | AE99: =SUM(E99:AC99) -> 144 | AH99: =AE99+AF99 -> 144 | AJ99: =AH99+AI99 -> 144
A100: Production add M- 4 | D100: 46126 | W100: =23*16 -> 368 | AE100: =SUM(E100:AC100) -> 368 | AH100: =AE100+AF100 -> 368 | AI100: 6 | AJ100: =AH100+AI100 -> 374
A101: Production add M- 4 | D101: 46127 | W101: =24*16 -> 384 | AE101: =SUM(E101:AC101) -> 384 | AH101: =AE101+AF101 -> 384 | AI101: 2 | AJ101: =AH101+AI101 -> 386
A102: Production add M- 4 | D102: 46128 | V102: =3*16 -> 48 | W102: =8*16 -> 128 | Z102: =21*16+16*16 -> 592 | AE102: =SUM(E102:AC102) -> 768 | AF102: 7 | AH102: =AE102+AF102 -> 775 | AI102: =4+4 -> 8 | AJ102: =AH102+AI102 -> 783
A103: Production add M- 4 | D103: 46129 | V103: =31*16+7*16 -> 608 | Z103: =23*16 -> 368 | AE103: =SUM(E103:AC103) -> 976 | AF103: =3+5 -> 8 | AH103: =AE103+AF103 -> 984 | AI103: =5+1+3 -> 9 | AJ103: =AH103+AI103 -> 993
A104: Production add M- 4 | D104: 46130 | S104: =4*16 -> 64 | Z104: =32*16 -> 512 | AE104: =SUM(E104:AC104) -> 576 | AH104: =AE104+AF104 -> 576 | AI104: =4+1 -> 5 | AJ104: =AH104+AI104 -> 581
A105: Production add M- 4 | D105: 46131 | S105: =31*16 -> 496 | AE105: =SUM(E105:AC105) -> 496 | AH105: =AE105+AF105 -> 496 | AI105: 4 | AJ105: =AH105+AI105 -> 500
A106: Production add M- 4 | D106: 46132 | N106: =17*16 -> 272 | S106: =12*16 -> 192 | AE106: =SUM(E106:AC106) -> 464 | AH106: =AE106+AF106 -> 464 | AI106: =5+9 -> 14 | AJ106: =AH106+AI106 -> 478
A107: Production add M- 4 | D107: 46133 | N107: =34*16+12*16 -> 736 | T107: =14*16 -> 224 | AE107: =SUM(E107:AC107) -> 960 | AF107: 7 | AH107: =AE107+AF107 -> 967 | AI107: =9+4 -> 13 | AJ107: =AH107+AI107 -> 980
A108: Production add M- 4 | D108: 46134 | T108: =36*16 -> 576 | AE108: =SUM(E108:AC108) -> 576 | AH108: =AE108+AF108 -> 576 | AI108: 1 | AJ108: =AH108+AI108 -> 577
A109: Production add M- 4 | D109: 46135 | T109: =12*16 -> 192 | AC109: =4*16 -> 64 | AE109: =SUM(E109:AC109) -> 256 | AH109: =AE109+AF109 -> 256 | AI109: =2+1 -> 3 | AJ109: =AH109+AI109 -> 259 | AK109: Big Chair | AL109: Table | AM109: Total Pro
A110: Production add M- 4 | D110: 46136 | AC110: =34*16 -> 544 | AE110: =SUM(E110:AC110) -> 544 | AF110: 2 | AH110: =AE110+AF110 -> 546 | AI110: 2 | AJ110: =AH110+AI110 -> 548 | AK110: ='BIG CHAIR'!CL105 -> 0 | AL110: ='Tea Table'!X195 -> 0 | AM110: =AH119+AK110+AL110 -> 11371
A111: Production add M- 4 | D111: 46137 | AC111: =29*16 -> 464 | AE111: =SUM(E111:AC111) -> 464 | AH111: =AE111+AF111 -> 464 | AI111: 6 | AJ111: =AH111+AI111 -> 470
A112: Production add M- 4 | D112: 46138 | AC112: =30*16 -> 480 | AE112: =SUM(E112:AC112) -> 480 | AH112: =AE112+AF112 -> 480 | AI112: 3 | AJ112: =AH112+AI112 -> 483
A113: Production add M- 4 | D113: 46139 | Z113: =25*16 -> 400 | AC113: =2*16 -> 32 | AE113: =SUM(E113:AC113) -> 432 | AF113: 3 | AH113: =AE113+AF113 -> 435 | AI113: =1+5 -> 6 | AJ113: =AH113+AI113 -> 441
A114: Production add M- 4 | D114: 46140 | W114: =18*16 -> 288 | Z114: =4*16 -> 64 | AE114: =SUM(E114:AC114) -> 352 | AF114: 3 | AH114: =AE114+AF114 -> 355 | AI114: =1+2 -> 3 | AJ114: =AH114+AI114 -> 358
A115: Production add M- 4 | D115: 46141 | W115: =26*16 -> 416 | AE115: =SUM(E115:AC115) -> 416 | AH115: =AE115+AF115 -> 416 | AI115: 2 | AJ115: =AH115+AI115 -> 418
A116: Production add M- 4 | AE116: =SUM(E116:AC116) -> 0 | AH116: =AE116+AF116 -> 0 | AJ116: =AH116+AI116 -> 0
A117: Production add M- 4 | AE117: =SUM(E117:AC117) -> 0 | AH117: =AE117+AF117 -> 0 | AJ117: =AH117+AI117 -> 0
AE118: =SUM(E118:AC118) -> 0 | AH118: =AE118+AF118 -> 0 | AJ118: =AH118+AI118 -> 0
A119: Production Machine - 4 | E119: =SUM(E96:E118) -> 0 | F119: =SUM(F96:F118) -> 0 | G119: =SUM(G96:G118) -> 0 | H119: =SUM(H96:H118) -> 0 | I119: =SUM(I96:I118) -> 0 | J119: =SUM(J96:J118) -> 0 | K119: =SUM(K96:K118) -> 0 | M119: =SUM(M96:M118) -> 0 | N119: =SUM(N96:N118) -> 2064 | O119: =SUM(O96:O118) -> 0 | P119: =SUM(P96:P118) -> 0 | Q119: =SUM(Q96:Q118) -> 0 | R119: =SUM(R96:R118) -> 0 | S119: =SUM(S96:S118) -> 752 | T119: =SUM(T96:T118) -> 1904 | V119: =SUM(V96:V118) -> 656 | W119: =SUM(W96:W118) -> 1584 | X119: =SUM(X96:X118) -> 0 | Y119: =SUM(Y96:Y118) -> 0 | Z119: =SUM(Z96:Z118) -> 1936 | AA119: =SUM(AA96:AA118) -> 0 | AB119: =SUM(AB96:AB118) -> 0 | AC119: =SUM(AC96:AC118) -> 2432 | AE119: =SUM(AE96:AE118) -> 11328 | AF119: =SUM(AF96:AF118) -> 43 | AG119: =SUM(AG96:AG118) -> 0 | AH119: =SUM(AH96:AH118) -> 11371 | AI119: =SUM(AI96:AI118) -> 115 | AJ119: =SUM(AJ96:AJ118) -> 11486
A120: Production M-5 | B120: Name | C120: B.No. | D120: Date | E120: A.Gold | G120: Brown | I120: M.Bz | M120: A.Gold | N120: B .Gold | O120: Yellow | P120: Pink 4001 | Q120: M.Bz | S120: Brown | T120: T.Wood | V120: A.Gold | W120: B.G | X120: M.BZ | Z120: Brown | AB120: Gold | AC120: T.Wood | AE120: Fresh | AF120: Mix | AH120: Total | AI120: G.R.C. | AJ120: G.Total
A121: Production add M- 5 | AE121: =SUM(E121:AC121) -> 0 | AH121: =AE121+AF121 -> 0 | AJ121: =AH121+AI121 -> 0
A122: Production add M- 5 | AE122: =SUM(E122:AC122) -> 0 | AH122: =AE122+AF122 -> 0 | AJ122: =AH122+AI122 -> 0
A123: Production add M- 5 | AE123: =SUM(E123:AC123) -> 0 | AH123: =AE123+AF123 -> 0 | AJ123: =AH123+AI123 -> 0
A124: Production add M- 5 | AE124: =SUM(E124:AC124) -> 0 | AH124: =AE124+AF124 -> 0 | AJ124: =AH124+AI124 -> 0
A125: Production add M- 5 | AE125: =SUM(E125:AC125) -> 0 | AH125: =AE125+AF125 -> 0 | AJ125: =AH125+AI125 -> 0 | AK125: Big Chair | AL125: Table | AM125: Total Pro
A126: Production add M- 5 | AE126: =SUM(E126:AC126) -> 0 | AH126: =AE126+AF126 -> 0 | AJ126: =AH126+AI126 -> 0 | AK126: ='BIG CHAIR'!CL121 -> 0 | AL126: ='Tea Table'!X211 -> 96 | AM126: =AH142+AK126+AL126 -> 96
A127: Production add M- 5 | AE127: =SUM(E127:AC127) -> 0 | AH127: =AE127+AF127 -> 0 | AJ127: =AH127+AI127 -> 0
A128: Production add M- 5 | AE128: =SUM(E128:AC128) -> 0 | AH128: =AE128+AF128 -> 0 | AJ128: =AH128+AI128 -> 0
A129: Production add M- 5 | AE129: =SUM(E129:AC129) -> 0 | AH129: =AE129+AF129 -> 0 | AJ129: =AH129+AI129 -> 0
A130: Production add M- 5 | AE130: =SUM(E130:AC130) -> 0 | AH130: =AE130+AF130 -> 0 | AJ130: =AH130+AI130 -> 0
A131: Production add M- 5 | AE131: =SUM(E131:AC131) -> 0 | AH131: =AE131+AF131 -> 0 | AJ131: =AH131+AI131 -> 0
...

Sheet Small Chair
A1: Finished Production - Period on Dated | I1: ='BIG CHAIR'!H1 -> 1 | J1: 4 | K1: 2026
E2: 401(Flower) | N2: 402(Chattai) | W2: 403(WIFI)
A3: Production M-1 | B3: Name | C3: B.No. | D3: Date | E3: S.Wood | F3: P.Blue | G3: Brown | H3: A.Gold | I3: R.Wood | J3: Yellow | K3: S.Black | L3: Green | N3: White | O3: P.Blue | P3: Brown | Q3: P.Green | R3: A.Gold | S3: B.G | T3: Orange | U3: Red Fist | W3: S.Wood | X3: M.B | Y3: S.Black | Z3: A.G | AA3: R.Wood | AB3: P.Pink | AC3: P.Silver | AD3: BROWN | AF3: Fresh | AG3: Mix | AI3: Total | AJ3: G.R.C. | AK3: G.Total
A4: ='Tea Table'!A4 -> Opening Stock as on | B4: pushpanjli | J4: =7*20 -> 140 | N4: =7*20 -> 140 | P4: =10*20 -> 200 | Q4: =17*20 -> 340 | R4: =30*20 -> 600 | U4: =38*20 -> 760 | W4: =111*20 -> 2220 | X4: =60*20 -> 1200 | Y4: =85*20 -> 1700 | AA4: =81*20 -> 1620 | AB4: =1*20 -> 20 | AF4: =SUM(E4:AD4) -> 8940 | AI4: =AF4+AG4 -> 8940 | AK4: =AI4+AJ4 -> 8940
A5: Production add M- 1 | D5: 46137 | K5: =18*20 -> 360 | AF5: =SUM(E5:AD5) -> 360 | AI5: =AF5+AG5 -> 360 | AJ5: 2 | AK5: =AI5+AJ5 -> 362
A6: Production add M- 1 | D6: 46138 | Y6: =25*20 -> 500 | AF6: =SUM(E6:AD6) -> 500 | AI6: =AF6+AG6 -> 500 | AJ6: 6 | AK6: =AI6+AJ6 -> 506
A7: Production add M- 1 | D7: 46139 | Y7: =8*20 -> 160 | AA7: =21*20 -> 420 | AF7: =SUM(E7:AD7) -> 580 | AG7: 9 | AI7: =AF7+AG7 -> 589 | AJ7: 2 | AK7: =AI7+AJ7 -> 591
A8: Production add M- 1 | D8: 46140 | AA8: =21*20 -> 420 | AF8: =SUM(E8:AD8) -> 420 | AI8: =AF8+AG8 -> 420 | AJ8: 4 | AK8: =AI8+AJ8 -> 424
A9: Production add M- 1 | D9: 46141 | AA9: =23*20 -> 460 | AF9: =SUM(E9:AD9) -> 460 | AI9: =AF9+AG9 -> 460 | AJ9: 2 | AK9: =AI9+AJ9 -> 462
A10: Production add M- 1 | AF10: =SUM(E10:AD10) -> 0 | AI10: =AF10+AG10 -> 0 | AK10: =AI10+AJ10 -> 0
A11: Production add M- 1 | AF11: =SUM(E11:AD11) -> 0 | AI11: =AF11+AG11 -> 0 | AK11: =AI11+AJ11 -> 0
A12: Production add M- 1 | AF12: =SUM(E12:AD12) -> 0 | AI12: =AF12+AG12 -> 0 | AK12: =AI12+AJ12 -> 0
A13: Production add M- 1 | AF13: =SUM(E13:AD13) -> 0 | AI13: =AF13+AG13 -> 0 | AK13: =AI13+AJ13 -> 0
A14: Production add M- 1 | AF14: =SUM(E14:AD14) -> 0 | AI14: =AF14+AG14 -> 0 | AK14: =AI14+AJ14 -> 0
A15: Production add M- 1 | AF15: =SUM(E15:AD15) -> 0 | AI15: =AF15+AG15 -> 0 | AK15: =AI15+AJ15 -> 0
A16: Production add M- 1 | AF16: =SUM(E16:AD16) -> 0 | AI16: =AF16+AG16 -> 0 | AK16: =AI16+AJ16 -> 0
A17: Production add M- 1 | AF17: =SUM(E17:AD17) -> 0 | AI17: =AF17+AG17 -> 0 | AK17: =AI17+AJ17 -> 0
A18: Production add M- 1 | AF18: =SUM(E18:AD18) -> 0 | AI18: =AF18+AG18 -> 0 | AK18: =AI18+AJ18 -> 0
A19: Production add M- 1 | AF19: =SUM(E19:AD19) -> 0 | AI19: =AF19+AG19 -> 0 | AK19: =AI19+AJ19 -> 0
A20: Production add M- 1 | AF20: =SUM(E20:AD20) -> 0 | AI20: =AF20+AG20 -> 0 | AK20: =AI20+AJ20 -> 0
A21: Production add M- 1 | AF21: =SUM(E21:AD21) -> 0 | AI21: =AF21+AG21 -> 0 | AK21: =AI21+AJ21 -> 0
... A26: Production add M- 1 | AF26: =SUM(E26:AD26) -> 0 | AI26: =AF26+AG26 -> 0 | AK26: =AI26+AJ26 -> 0
A27: Production add M- 1 | AF27: =SUM(E27:AD27) -> 0 | AI27: =AF27+AG27 -> 0 | AK27: =AI27+AJ27 -> 0 | AL27: Big Chair | AM27: Table | AN27: Total Pro
A28: Production add M- 1 | AF28: =SUM(E28:AD28) -> 0 | AI28: =AF28+AG28 -> 0 | AK28: =AI28+AJ28 -> 0 | AL28: ='BIG CHAIR'!CL36 -> 0 | AM28: ='Tea Table'!X29 -> 0 | AN28: =AI32+AL28+AM28 -> 2329
A29: Production add M- 1 | AF29: =SUM(E29:AD29) -> 0 | AI29: =AF29+AG29 -> 0 | AK29: =AI29+AJ29 -> 0
A30: Production add M- 1 | AF30: =SUM(E30:AD30) -> 0 | AI30: =AF30+AG30 -> 0 | AK30: =AI30+AJ30 -> 0
A31: Production add M- 1 | AF31: =SUM(E31:AD31) -> 0 | AI31: =AF31+AG31 -> 0 | AK31: =AI31+AJ31 -> 0
A32: Production Machine - 1 | E32: =SUM(E5:E31) -> 0 | F32: =SUM(F5:F31) -> 0 | G32: =SUM(G5:G31) -> 0 | H32: =SUM(H5:H31) -> 0 | I32: =SUM(I5:I31) -> 0 | J32: =SUM(J5:J31) -> 0 | K32: =SUM(K5:K31) -> 360 | L32: =SUM(L5:L31) -> 0 | ... AK32: =SUM(AK5:AK31) -> 2345
A34: Production M-2 | B34: Name | C34: B.No. | D34: Date | E34: S.Wood | F34: P.Blue | G34: Brown | H34: Gold | I34: R.Wood | J34: Yellow | K34: S.Black | L34: Green | N34: White | O34: P.Blue | P34: Brown | Q34: P.Green | R34: A.Gold | S34: P.Pink | T34: Orange | U34: Red Fist | W34: S.Wood | Y34: S.Black | AA34: R.Wood | AC34: P.Silver | AF34: Fresh | AG34: Mix | AI34: Total | AJ34: G.R.C. | AK34: G.Total
A35: Production add M- 2 | D35: 46116 | R35: =15*20+24*20 -> 780 | AF35: =SUM(E35:AD35) -> 780 | AG35: =2+4 -> 6 | AI35: =AF35+AG35 -> 786 | AJ35: =7+4 -> 11 | AK35: =AI35+AJ35 -> 797
A36: Production add M- 2 | D36: 46117 | R36: =24*20+28*20 -> 1040 | AF36: =SUM(E36:AD36) -> 1040 | AG36: =5+5 -> 10 | AI36: =AF36+AG36 -> 1050 | AJ36: =5+16 -> 21 | AK36: =AI36+AJ36 -> 1071
A37: Production add M- 2 | D37: 46118 | P37: =6*20+26*20 -> 640 | R37: =16*20 -> 320 | AF37: =SUM(E37:AD37) -> 960 | AG37: =3+10 -> 13 | AI37: =AF37+AG37 -> 973 | AJ37: =13+7+32 -> 52 | AK37: =AI37+AJ37 -> 1025
A38: Production add M- 2 | D38: 46119 | P38: =27*20+29*20 -> 1120 | AF38: =SUM(E38:AD38) -> 1120 | AI38: =AF38+AG38 -> 1120 | AJ38: =9+24 -> 33 | AK38: =AI38+AJ38 -> 1153
A39: Production add M- 2 | D39: 46120 | P39: =23*20+22*20 -> 900 | AF39: =SUM(E39:AD39) -> 900 | AI39: =AF39+AG39 -> 900 | AJ39: =25+38 -> 63 | AK39: =AI39+AJ39 -> 963
A40: Production add M- 2 | D40: 46125 | R40: =29*20 -> 580 | AF40: =SUM(E40:AD40) -> 580 | AG40: 12 | AI40: =AF40+AG40 -> 592 | AJ40: 30 | AK40: =AI40+AJ40 -> 622
A41: Production add M- 2 | D41: 46126 | R41: =9*20 -> 180 | AF41: =SUM(E41:AD41) -> 180 | AI41: =AF41+AG41 -> 180 | AJ41: 18 | AK41: =AI41+AJ41 -> 198
A42: Production add M- 2 | AF42: =SUM(E42:AD42) -> 0 | AI42: =AF42+AG42 -> 0 | AK42: =AI42+AJ42 -> 0
A43: Production add M- 2 | AF43: =SUM(E43:AD43) -> 0 | AI43: =AF43+AG43 -> 0 | AK43: =AI43+AJ43 -> 0
A44: Production add M- 2 | AF44: =SUM(E44:AD44) -> 0 | AI44: =AF44+AG44 -> 0 | AK44: =AI44+AJ44 -> 0
A45: Production add M- 2 | AF45: =SUM(E45:AD45) -> 0 | AI45: =AF45+AG45 -> 0 | AK45: =AI45+AJ45 -> 0
A46: Production add M- 2 | AF46: =SUM(E46:AD46) -> 0 | AI46: =AF46+AG46 -> 0 | AK46: =AI46+AJ46 -> 0
A47: Production add M- 2 | AF47: =SUM(E47:AD47) -> 0 | AI47: =AF47+AG47 -> 0 | AK47: =AI47+AJ47 -> 0
A48: Production add M- 2 | AF48: =SUM(E48:AD48) -> 0 | AI48: =AF48+AG48 -> 0 | AK48: =AI48+AJ48 -> 0
A49: Production add M- 2 | AF49: =SUM(E49:AD49) -> 0 | AI49: =AF49+AG49 -> 0 | AK49: =AI49+AJ49 -> 0
A50: Production add M- 2 | AF50: =SUM(E50:AD50) -> 0 | AI50: =AF50+AG50 -> 0 | AK50: =AI50+AJ50 -> 0
A51: Production add M- 2 | AF51: =SUM(E51:AD51) -> 0 | AI51: =AF51+AG51 -> 0 | AK51: =AI51+AJ51 -> 0
A52: Production add M- 2 | AF52: =SUM(E52:AD52) -> 0 | AI52: =AF52+AG52 -> 0 | AK52: =AI52+AJ52 -> 0
A53: Production add M- 2 | AF53: =SUM(E53:AD53) -> 0 | AI53: =AF53+AG53 -> 0 | AK53: =AI53+AJ53 -> 0
... A62: Production add M- 2 | AF62: =SUM(E62:AD62) -> 0 | AI62: =AF62+AG62 -> 0 | AK62: =AI62+AJ62 -> 0
A63: Production add M- 2 | AF63: =SUM(E63:AD63) -> 0 | AI63: =AF63+AG63 -> 0 | AK63: =AI63+AJ63 -> 0 | AL63: Big Chair | AM63: Table | AN63: Total Pro
A64: Production add M- 2 | AF64: =SUM(E64:AD64) -> 0 | AI64: =AF64+AG64 -> 0 | AK64: =AI64+AJ64 -> 0 | AL64: ='BIG CHAIR'!CL77 -> 14560 | AM64: ='Tea Table'!X85 -> 0 | AN64: =AI68+AL64+AM64 -> 20161
A65: Production add M- 2 | AF65: =SUM(E65:AD65) -> 0 | AI65: =AF65+AG65 -> 0 | AK65: =AI65+AJ65 -> 0
A66: Production add M- 2 | AF66: =SUM(E66:AD66) -> 0 | AI66: =AF66+AG66 -> 0 | AK66: =AI66+AJ66 -> 0
AF67: =SUM(E67:AD67) -> 0 | AI67: =AF67+AG67 -> 0 | AK67: =AI67+AJ67 -> 0
A68: Production Machine - 2 | E68: =SUM(E35:E67) -> 0 | F68: =SUM(F35:F67) -> 0 | G68: =SUM(G35:G67) -> 0 | H68: =SUM(H35:H67) -> 0 | I68: =SUM(I35:I67) -> 0 | J68: =SUM(J35:J67) -> 0 | K68: =SUM(K35:K67) -> 0 | L68: =SUM(L35:L67) -> 0 | N68: =SUM(N35:N67) -> 0 | O68: =SUM(O35:O67) -> 0 | P68: =SUM(P35:P67) -> 2660 | Q68: =SUM(Q35:Q67) -> 0 | R68: =SUM(R35:R67) -> 2900 | S68: =SUM(S35:S67) -> 0 | T68: =SUM(T35:T67) -> 0 | U68: =SUM(U35:U67) -> 0 | W68: =SUM(W35:W67) -> 0 | X68: =SUM(X35:X67) -> 0 | Y68: =SUM(Y35:Y67) -> 0 | Z68: =SUM(Z35:Z67) -> 0 | AA68: =SUM(AA35:AA67) -> 0 | AB68: =SUM(AB35:AB67) -> 0 | AC68: =SUM(AC35:AC67) -> 0 | AD68: =SUM(AD35:AD67) -> 0 | AF68: =SUM(AF35:AF67) -> 5560 | AG68: =SUM(AG35:AG67) -> 41 | AH68: =SUM(AH35:AH67) -> 0 | AI68: =SUM(AI35:AI67) -> 5601 | AJ68: =SUM(AJ35:AJ67) -> 228 | AK68: =SUM(AK35:AK67) -> 5829
A70: Production M-3 | B70: Name | C70: B.No. | D70: Date | E70: S.Wood | F70: P.Blue | G70: Brown | H70: Gold | I70: R.Wood | J70: Yellow | K70: S.Black | L70: Green | N70: White | O70: P.Blue | P70: Brown | Q70: P.Green | R70: A.Gold | S70: P.Pink | T70: Orange | U70: Red Fist | W70: S.Wood | Y70: S.Black | AA70: R.Wood | AC70: P.Silver | AF70: Fresh | AG70: Mix | AI70: Total | AJ70: G.R.C. | AK70: G.Total
A71: Production add M- 3 | AF71: =SUM(E71:AD71) -> 0 | AI71: =AF71+AG71 -> 0 | AK71: =AI71+AJ71 -> 0
A72: Production add M- 3 | AF72: =SUM(E72:AD72) -> 0 | AI72: =AF72+AG72 -> 0 | AK72: =AI72+AJ72 -> 0
A73: Production add M- 3 | AF73: =SUM(E73:AD73) -> 0 | AI73: =AF73+AG73 -> 0 | AK73: =AI73+AJ73 -> 0
A74: Production add M- 3 | AF74: =SUM(E74:AD74) -> 0 | AI74: =AF74+AG74 -> 0 | AK74: =AI74+AJ74 -> 0
A75: Production add M- 3 | AF75: =SUM(E75:AD75) -> 0 | AI75: =AF75+AG75 -> 0 | AK75: =AI75+AJ75 -> 0
A76: Production add M- 3 | AF76: =SUM(E76:AD76) -> 0 | AI76: =AF76+AG76 -> 0 | AK76: =AI76+AJ76 -> 0
A77: Production add M- 3 | AF77: =SUM(E77:AD77) -> 0 | AI77: =AF77+AG77 -> 0 | AK77: =AI77+AJ77 -> 0
A78: Production add M- 3 | AF78: =SUM(E78:AD78) -> 0 | AI78: =AF78+AG78 -> 0 | AK78: =AI78+AJ78 -> 0
A79: Production add M- 3 | AF79: =SUM(E79:AD79) -> 0 | AI79: =AF79+AG79 -> 0 | AK79: =AI79+AJ79 -> 0
A80: Production add M- 3 | AF80: =SUM(E80:AD80) -> 0 | AI80: =AF80+AG80 -> 0 | AK80: =AI80+AJ80 -> 0
A81: Production add M- 3 | AF81: =SUM(E81:AD81) -> 0 | AI81: =AF81+AG81 -> 0 | AK81: =AI81+AJ81 -> 0
A82: Production add M- 3 | AF82: =SUM(E82:AD82) -> 0 | AI82: =AF82+AG82 -> 0 | AK82: =AI82+AJ82 -> 0
... A98: Production add M- 3 | AF98: =SUM(E98:AD98) -> 0 | AI98: =AF98+AG98 -> 0 | AK98: =AI98+AJ98 -> 0
A99: Production add M- 3 | AF99: =SUM(E99:AD99) -> 0 | AI99: =AF99+AG99 -> 0 | AK99: =AI99+AJ99 -> 0 | AL99: Big Chair | AM99: Table | AN99: Total Pro
A100: Production add M- 3 | AF100: =SUM(E100:AD100) -> 0 | AI100: =AF100+AG100 -> 0 | AK100: =AI100+AJ100 -> 0 | AL100: ='BIG CHAIR'!CL146 -> 0 | AM100: ='Tea Table'!X202 -> 0 | AN100: =AI104+AL100+AM100 -> 0
A101: Production add M- 3 | AF101: =SUM(E101:AD101) -> 0 | AI101: =AF101+AG101 -> 0 | AK101: =AI101+AJ101 -> 0
A102: Production add M- 3 | AF102: =SUM(E102:AD102) -> 0 | AI102: =AF102+AG102 -> 0 | AK102: =AI102+AJ102 -> 0
AF103: =SUM(E103:AD103) -> 0 | AI103: =AF103+AG103 -> 0 | AK103: =AI103+AJ103 -> 0
A104: Production Machine - 3 | E104: =SUM(E71:E103) -> 0 | F104: =SUM(F71:F103) -> 0 | G104: =SUM(G71:G103) -> 0 | H104: =SUM(H71:H103) -> 0 | I104: =SUM(I71:I103) -> 0 | J104: =SUM(J71:J103) -> 0 | K104: =SUM(K71:K103) -> 0 | L104: =SUM(L71:L103) -> 0 | N104: =SUM(N71:N103) -> 0 | O104: =SUM(O71:O103) -> 0 | P104: =SUM(P71:P103) -> 0 | Q104: =SUM(Q71:Q103) -> 0 | R104: =SUM(R71:R103) -> 0 | S104: =SUM(S71:S103) -> 0 | T104: =SUM(T71:T103) -> 0 | U104: =SUM(U71:U103) -> 0 | W104: =SUM(W71:W103) -> 0 | X104: =SUM(X71:X103) -> 0 | Y104: =SUM(Y71:Y103) -> 0 | Z104: =SUM(Z71:Z103) -> 0 | AA104: =SUM(AA71:AA103) -> 0 | AB104: =SUM(AB71:AB103) -> 0 | AC104: =SUM(AC71:AC103) -> 0 | AD104: =SUM(AD71:AD103) -> 0 | AF104: =SUM(AF71:AF103) -> 0 | AG104: =SUM(AG71:AG103) -> 0 | AH104: =SUM(AH71:AH103) -> 0 | AI104: =SUM(AI71:AI103) -> 0 | AJ104: =SUM(AJ71:AJ103) -> 0 | AK104: =SUM(AK71:AK103) -> 0
A105: Production M-4 | B105: Name | C105: B.No. | D105: Date | E105: S.Wood | F105: P.Blue | G105: Brown | H105: Gold | I105: R.Wood | J105: Yellow | K105: S.Black | L105: Green | N105: White | O105: P.Blue | P105: Brown | Q105: P.Green | R105: A.Gold | S105: P.Pink | T105: Orange | U105: Red Fist | W105: S.Wood | Y105: S.Black | AA105: R.Wood | AC105: P.Silver | AF105: Fresh | AG105: Mix | AI105: Total | AJ105: G.R.C. | AK105: G.Total
A106: Production add M- 4 | AF106: =SUM(E106:AD106) -> 0 | AI106: =AF106+AG106 -> 0 | AK106: =AI106+AJ106 -> 0
A107: Production add M- 4 | AF107: =SUM(E107:AD107) -> 0 | AI107: =AF107+AG107 -> 0 | AK107: =AI107+AJ107 -> 0
A108: Production add M- 4 | AF108: =SUM(E108:AD108) -> 0 | AI108: =AF108+AG108 -> 0 | AK108: =AI108+AJ108 -> 0
A109: Production add M- 4 | AF109: =SUM(E109:AD109) -> 0 | AI109: =AF109+AG109 -> 0 | AK109: =AI109+AJ109 -> 0
A110: Production add M- 4 | AF110: =SUM(E110:AD110) -> 0 | AI110: =AF110+AG110 -> 0 | AK110: =AI110+AJ110 -> 0
A111: Production add M- 4 | AF111: =SUM(E111:AD111) -> 0 | AI111: =AF111+AG111 -> 0 | AK111: =AI111+AJ111 -> 0
A112: Production add M- 4 | AF112: =SUM(E112:AD112) -> 0 | AI112: =AF112+AG112 -> 0 | AK112: =AI112+AJ112 -> 0
A113: Production add M- 4 | AF113: =SUM(E113:AD113) -> 0 | AI113: =AF113+AG113 -> 0 | AK113: =AI113+AJ113 -> 0
A114: Production add M- 4 | AF114: =SUM(E114:AD114) -> 0 | AI114: =AF114+AG114 -> 0 | AK114: =AI114+AJ114 -> 0
A115: Production add M- 4 | AF115: =SUM(E115:AD115) -> 0 | AI115: =AF115+AG115 -> 0 | AK115: =AI115+AJ115 -> 0
A116: Production add M- 4 | AF116: =SUM(E116:AD116) -> 0 | AI116: =AF116+AG116 -> 0 | AK116: =AI116+AJ116 -> 0
A117: Production add M- 4 | AF117: =SUM(E117:AD117) -> 0 | AI117: =AF117+AG117 -> 0 | AK117: =AI117+AJ117 -> 0
... A131: Production add M- 4 | AF131: =SUM(E131:AD131) -> 0 | AI131: =AF131+AG131 -> 0 | AK131: =AI131+AJ131 -> 0
A132: Production add M- 4 | AF132: =SUM(E132:AD132) -> 0 | AI132: =AF132+AG132 -> 0 | AK132: =AI132+AJ132 -> 0 | AL132: Big Chair | AM132: Table | AN132: Total Pro
A133: Production add M- 4 | AF133: =SUM(E133:AD133) -> 0 | AI133: =AF133+AG133 -> 0 | AK133: =AI133+AJ133 -> 0 | AL133: ='BIG CHAIR'!#REF! -> #REF! | AM133: ='Tea Table'!X236 -> 96 | AN133: =AI137+AL133+AM133 -> #REF!
A134: Production add M- 4 | AF134: =SUM(E134:AD134) -> 0 | AI134: =AF134+AG134 -> 0 | AK134: =AI134+AJ134 -> 0
A135: Production add M- 4 | AF135: =SUM(E135:AD135) -> 0 | AI135: =AF135+AG135 -> 0 | AK135: =AI135+AJ135 -> 0
AF136: =SUM(E136:AD136) -> 0 | AI136: =AF136+AG136 -> 0 | AK136: =AI136+AJ136 -> 0
A137: Production Machine - 4 | E137: =SUM(E106:E136) -> 0 | F137: =SUM(F106:F136) -> 0 | G137: =SUM(G106:G136) -> 0 | H137: =SUM(H106:H136) -> 0 | I137: =SUM(I106:I136) -> 0 | J137: =SUM(J106:J136) -> 0 | K137: =SUM(K106:K136) -> 0 | L137: =SUM(L106:L136) -> 0 | N137: =SUM(N106:N136) -> 0 | O137: =SUM(O106:O136) -> 0 | P137: =SUM(P106:P136) -> 0 | Q137: =SUM(Q106:Q136) -> 0 | R137: =SUM(R106:R136) -> 0 | S137: =SUM(S106:S136) -> 0 | T137: =SUM(T106:T136) -> 0 | U137: =SUM(U106:U136) -> 0 | W137: =SUM(W106:W136) -> 0 | X137: =SUM(X106:X136) -> 0 | Y137: =SUM(Y106:Y136) -> 0 | Z137: =SUM(Z106:Z136) -> 0 | AA137: =SUM(AA106:AA136) -> 0 | AB137: =SUM(AB106:AB136) -> 0 | AC137: =SUM(AC106:AC136) -> 0 | AD137: =SUM(AD106:AD136) -> 0 | AF137: =SUM(AF106:AF136) -> 0 | AG137: =SUM(AG106:AG136) -> 0 | AH137: =SUM(AH106:AH136) -> 0 | AI137: =SUM(AI106:AI136) -> 0 | AJ137: =SUM(AJ106:AJ136) -> 0 | AK137: =SUM(AK106:AK136) -> 0
A138: Production M-5 | B138: Name | C138: B.No. | D138: Date | E138: S.Wood | F138: P.Blue | G138: Brown | H138: Gold | I138: R.Wood | J138: Yellow | K138: S.Black | L138: Green | N138: White | O138: P.Blue | P138: Br.g/Brown | Q138: P.Green | R138: A.Gold | S138: P.Pink | T138: Orange | U138: Red Fist | W138: S.Wood | X138: M.B | Y138: S.Black | AA138: R.Wood | AC138: P.Silver | AF138: Fresh | AG138: Mix | AI138: Total | AJ138: G.R.C. | AK138: G.Total
A139: Production add M- 5 | AF139: =SUM(E139:AD139) -> 0 | AI139: =AF139+AG139 -> 0 | AK139: =AI139+AJ139 -> 0
A140: Production add M- 5 | B140: Pushpanjli | AF140: =SUM(E140:AD140) -> 0 | AI140: =AF140+AG140 -> 0 | AK140: =AI140+AJ140 -> 0
A141: Production add M- 5 | AF141: =SUM(E141:AD141) -> 0 | AI141: =AF141+AG141 -> 0 | AK141: =AI141+AJ141 -> 0
A142: Production add M- 5 | AF142: =SUM(E142:AD142) -> 0 | AI142: =AF142+AG142 -> 0 | AK142: =AI142+AJ142 -> 0
...

Sheet EV Chair
A1: Finished Production of New Mould - Period on Dated | J1: 1 | K1: 4 | L1: 26
E2: 201 | M2: 202 | V2: 203
A3: Production M-1 | B3: Name | C3: B.No. | D3: Date | E3: Red First | F3: Yellow First | G3: D .Green First | H3: Orange | I3: P.Blue | J3: P.Pink /White | K3: S.B | L3: Br/GoldBrown | M3: Brown | O3: A.Gold | P3: S.B 2 | Q3: M.Beige | R3: GOLD | S3: B .Gold | T3: T.W | V3: Brown | X3: A.Gold | AE3: Fresh | AF3: Mix | AH3: Total | AI3: G.R.C. | AJ3: G.Total
A4: ='Tea Table'!A4 -> Opening Stock as on | B4: Pushpanjli | F4: =18*16 -> 288 | J4: =21*16 -> 336 | M4: =1*16 -> 16 | O4: =11*16 -> 176 | P4: =12*16 -> 192 | Q4: =35*16 -> 560 | S4: =59*16 -> 944 | T4: =43*16 -> 688 | AE4: =SUM(E4:AC4) -> 3200 | AH4: =AF4+AE4 -> 3200 | AJ4: =AH4+AI4 -> 3200
A5: Production add M- 1 | AE5: =SUM(E5:AC5) -> 0 | AH5: =AE5+AF5 -> 0 | AJ5: =AH5+AI5 -> 0
A6: Production add M- 1 | AE6: =SUM(E6:AC6) -> 0 | AH6: =AE6+AF6 -> 0 | AJ6: =AH6+AI6 -> 0
A7: Production add M- 1 | AE7: =SUM(E7:AC7) -> 0 | AH7: =AE7+AF7 -> 0 | AJ7: =AH7+AI7 -> 0
A8: Production add M- 1 | AE8: =SUM(E8:AC8) -> 0 | AH8: =AE8+AF8 -> 0 | AJ8: =AH8+AI8 -> 0
A9: Production add M- 1 | AE9: =SUM(E9:AC9) -> 0 | AH9: =AE9+AF9 -> 0 | AJ9: =AH9+AI9 -> 0
A10: Production add M- 1 | AE10: =SUM(E10:AC10) -> 0 | AH10: =AE10+AF10 -> 0 | AJ10: =AH10+AI10 -> 0
A11: Production add M- 1 | AE11: =SUM(E11:AC11) -> 0 | AH11: =AE11+AF11 -> 0 | AJ11: =AH11+AI11 -> 0
A12: Production add M- 1 | AE12: =SUM(E12:AC12) -> 0 | AH12: =AE12+AF12 -> 0 | AJ12: =AH12+AI12 -> 0
A13: Production add M- 1 | AE13: =SUM(E13:AC13) -> 0 | AH13: =AE13+AF13 -> 0 | AJ13: =AH13+AI13 -> 0
A14: Production add M- 1 | AE14: =SUM(E14:AC14) -> 0 | AH14: =AE14+AF14 -> 0 | AJ14: =AH14+AI14 -> 0
A15: Production add M- 1 | AE15: =SUM(E15:AC15) -> 0 | AH15: =AE15+AF15 -> 0 | AJ15: =AH15+AI15 -> 0
A16: Production add M- 1 | AE16: =SUM(E16:AC16) -> 0 | AH16: =AE16+AF16 -> 0 | AJ16: =AH16+AI16 -> 0
... A37: Production add M- 1 | AE37: =SUM(E37:AC37) -> 0 | AH37: =AE37+AF37 -> 0 | AJ37: =AH37+AI37 -> 0
A38: Production add M- 1 | AE38: =SUM(E38:AC38) -> 0 | AH38: =AE38+AF38 -> 0 | AJ38: =AH38+AI38 -> 0 | AK38: Big Chair | AL38: Table | AM38: Total Pro
A39: Production Machine - 1 | E39: =SUM(E5:E38) -> 0 | F39: =SUM(F5:F38) -> 0 | G39: =SUM(G5:G38) -> 0 | H39: =SUM(H5:H38) -> 0 | I39: =SUM(I5:I38) -> 0 | J39: =SUM(J5:J38) -> 0 | K39: =SUM(K5:K38) -> 0 | L39: =SUM(L5:L38) -> 0 | ... AJ39: =SUM(AJ5:AJ38) -> 0 | AK39: ='BIG CHAIR'!CL36 -> 0 | AL39: ='Tea Table'!X29 -> 0 | AM39: =AH39+AK39+AL39 -> 0
A41: Production M-2 | B41: Name | C41: B.No. | D41: Date | E41: Red First | F41: Yellow First | G41: Green First | H41: Orange | I41: P.Blue | J41: P.PinkWhite | K41: S.B First | L41: Br/GoldBrown | M41: Brown | O41: A.Gold | Q41: M.Beige | R41: GOLD | S41: B .Gold | T41: T.W | V41: Brown | X41: A.Gold | AE41: Fresh | AF41: Mix | AH41: Total | AI41: G.R.C. | AJ41: G.Total
A42: Production add M- 2 | AE42: =SUM(E42:AC42) -> 0 | AH42: =AE42+AF42 -> 0 | AJ42: =AH42+AI42 -> 0
A43: Production add M- 2 | AE43: =SUM(E43:AC43) -> 0 | AH43: =AE43+AF43 -> 0 | AJ43: =AH43+AI43 -> 0
A44: Production add M- 2 | AE44: =SUM(E44:AC44) -> 0 | AH44: =AE44+AF44 -> 0 | AJ44: =AH44+AI44 -> 0
A45: Production add M- 2 | AE45: =SUM(E45:AC45) -> 0 | AH45: =AE45+AF45 -> 0 | AJ45: =AH45+AI45 -> 0
A46: Production add M- 2 | AE46: =SUM(E46:AC46) -> 0 | AH46: =AE46+AF46 -> 0 | AJ46: =AH46+AI46 -> 0
A47: Production add M- 2 | AE47: =SUM(E47:AC47) -> 0 | AH47: =AE47+AF47 -> 0 | AJ47: =AH47+AI47 -> 0
A48: Production add M- 2 | AE48: =SUM(E48:AC48) -> 0 | AH48: =AE48+AF48 -> 0 | AJ48: =AH48+AI48 -> 0
A49: Production add M- 2 | AE49: =SUM(E49:AC49) -> 0 | AH49: =AE49+AF49 -> 0 | AJ49: =AH49+AI49 -> 0
A50: Production add M- 2 | AE50: =SUM(E50:AC50) -> 0 | AH50: =AE50+AF50 -> 0 | AJ50: =AH50+AI50 -> 0
A51: Production add M- 2 | AE51: =SUM(E51:AC51) -> 0 | AH51: =AE51+AF51 -> 0 | AJ51: =AH51+AI51 -> 0
A52: Production add M- 2 | AE52: =SUM(E52:AC52) -> 0 | AH52: =AE52+AF52 -> 0 | AJ52: =AH52+AI52 -> 0
A53: Production add M- 2 | AE53: =SUM(E53:AC53) -> 0 | AH53: =AE53+AF53 -> 0 | AJ53: =AH53+AI53 -> 0
... A62: Production add M- 2 | AE62: =SUM(E62:AC62) -> 0 | AH62: =AE62+AF62 -> 0 | AJ62: =AH62+AI62 -> 0
A63: Production add M- 2 | AE63: =SUM(E63:AC63) -> 0 | AH63: =AE63+AF63 -> 0 | AJ63: =AH63+AI63 -> 0 | AK63: Big Chair | AL63: Table | AM63: Total Pro
A64: Production Machine - 2 | E64: =SUM(E42:E63) -> 0 | F64: =SUM(F42:F63) -> 0 | G64: =SUM(G42:G63) -> 0 | H64: =SUM(H42:H63) -> 0 | I64: =SUM(I42:I63) -> 0 | J64: =SUM(J42:J63) -> 0 | K64: =SUM(K42:K63) -> 0 | M64: =SUM(M42:M63) -> 0 | N64: =SUM(N42:N63) -> 0 | O64: =SUM(O42:O63) -> 0 | P64: =SUM(P42:P63) -> 0 | Q64: =SUM(Q42:Q63) -> 0 | R64: =SUM(R42:R63) -> 0 | S64: =SUM(S42:S63) -> 0 | T64: =SUM(T42:T63) -> 0 | V64: =SUM(V42:V63) -> 0 | W64: =SUM(W42:W63) -> 0 | X64: =SUM(X42:X63) -> 0 | Y64: =SUM(Y42:Y63) -> 0 | Z64: =SUM(Z42:Z63) -> 0 | AA64: =SUM(AA42:AA63) -> 0 | AB64: =SUM(AB42:AB63) -> 0 | AC64: =SUM(AC42:AC63) -> 0 | AE64: =SUM(AE42:AE63) -> 0 | AF64: =SUM(AF42:AF63) -> 0 | AG64: =SUM(AG42:AG63) -> 0 | AH64: =SUM(AH42:AH63) -> 0 | AI64: =SUM(AI42:AI63) -> 0 | AJ64: =SUM(AJ42:AJ63) -> 0 | AK64: ='BIG CHAIR'!CL77 -> 14560 | AL64: ='Tea Table'!X85 -> 0 | AM64: =AH64+AK64+AL64 -> 14560
A66: Production M-3 | B66: Name | C66: B.No. | D66: Date | E66: Red First | F66: Yellow First | G66: Green First | H66: Orange | I66: P.Blue | J66: P.PinkWhite | K66: S.B First | L66: Br/GoldBrown | M66: Brown | O66: A.Gold | Q66: M.Beige | R66: GOLD | S66: B .Gold | T66: T.W | V66: Brown | X66: A.Gold | AE66: Fresh | AF66: Mix | AH66: Total | AI66: G.R.C. | AJ66: G.Total
A67: Production add M- 3 | AE67: =SUM(E67:AC67) -> 0 | AH67: =AE67+AF67 -> 0 | AJ67: =AH67+AI67 -> 0
A68: Production add M- 3 | AE68: =SUM(E68:AC68) -> 0 | AH68: =AE68+AF68 -> 0 | AJ68: =AH68+AI68 -> 0
A69: Production add M- 3 | AE69: =SUM(E69:AC69) -> 0 | AH69: =AE69+AF69 -> 0 | AJ69: =AH69+AI69 -> 0
A70: Production add M- 3 | AE70: =SUM(E70:AC70) -> 0 | AH70: =AE70+AF70 -> 0 | AJ70: =AH70+AI70 -> 0
A71: Production add M- 3 | AE71: =SUM(E71:AC71) -> 0 | AH71: =AE71+AF71 -> 0 | AJ71: =AH71+AI71 -> 0
A72: Production add M- 3 | AE72: =SUM(E72:AC72) -> 0 | AH72: =AE72+AF72 -> 0 | AJ72: =AH72+AI72 -> 0
A73: Production add M- 3 | AE73: =SUM(E73:AC73) -> 0 | AH73: =AE73+AF73 -> 0 | AJ73: =AH73+AI73 -> 0
A74: Production add M- 3 | AE74: =SUM(E74:AC74) -> 0 | AH74: =AE74+AF74 -> 0 | AJ74: =AH74+AI74 -> 0
A75: Production add M- 3 | AE75: =SUM(E75:AC75) -> 0 | AH75: =AE75+AF75 -> 0 | AJ75: =AH75+AI75 -> 0
A76: Production add M- 3 | AE76: =SUM(E76:AC76) -> 0 | AH76: =AE76+AF76 -> 0 | AJ76: =AH76+AI76 -> 0
A77: Production add M- 3 | AE77: =SUM(E77:AC77) -> 0 | AH77: =AE77+AF77 -> 0 | AJ77: =AH77+AI77 -> 0
A78: Production add M- 3 | AE78: =SUM(E78:AC78) -> 0 | AH78: =AE78+AF78 -> 0 | AJ78: =AH78+AI78 -> 0
A79: Production add M- 3 | AE79: =SUM(E79:AC79) -> 0 | AH79: =AE79+AF79 -> 0 | AJ79: =AH79+AI79 -> 0
A80: Production add M- 3 | AE80: =SUM(E80:AC80) -> 0 | AH80: =AE80+AF80 -> 0 | AJ80: =AH80+AI80 -> 0 | AK80: Big Chair | AL80: Table | AM80: Total Pro
A81: Production add M- 3 | AE81: =SUM(E81:AC81) -> 0 | AH81: =AE81+AF81 -> 0 | AJ81: =AH81+AI81 -> 0 | AK81: Big Chair | AL81: Table | AM81: Total Pro
A82: Production add M- 3 | AE82: =SUM(E82:AC82) -> 0 | AH82: =AE82+AF82 -> 0 | AJ82: =AH82+AI82 -> 0 | AK82: Big Chair | AL82: Table | AM82: Total Pro
A83: Production add M- 3 | AE83: =SUM(E83:AC83) -> 0 | AH83: =AE83+AF83 -> 0 | AJ83: =AH83+AI83 -> 0 | AK83: Big Chair | AL83: Table | AM83: Total Pro
A84: Production add M- 3 | AE84: =SUM(E84:AC84) -> 0 | AH84: =AE84+AF84 -> 0 | AJ84: =AH84+AI84 -> 0 | AK84: Big Chair | AL84: Table | AM84: Total Pro
A85: Production Machine - 3 | AE85: =SUM(AE67:AE84) -> 0 | AF85: =SUM(AF67:AF84) -> 0 | AG85: =SUM(AG67:AG84) -> 0 | AH85: =SUM(AH67:AH84) -> 0 | AI85: =SUM(AI67:AI84) -> 0 | AJ85: =SUM(AJ67:AJ84) -> 0 | AK85: ='BIG CHAIR'!CL91 -> 0 | AL85: ='Tea Table'!X181 -> 0 | AM85: =AH85+AK85+AL85 -> 0
A86: Production M-4 | B86: Name | C86: B.No. | D86: Date | E86: Red First | F86: Yellow First | G86: Green First | H86: Orange | I86: P.Blue | J86: P.PinkWhite | K86: S.B First | L86: Br/GoldBrown | M86: Brown | O86: A.Gold | Q86: M.Beige | R86: GOLD | S86: B .Gold | T86: T.W | V86: Brown | X86: A.Gold | AE86: Fresh | AF86: Mix | AH86: Total | AI86: G.R.C. | AJ86: G.Total
A87: Production add M- 4 | AE87: =SUM(E87:AC87) -> 0 | AH87: =AE87+AF87 -> 0 | AJ87: =AH87+AI87 -> 0
A88: Production add M- 4 | AE88: =SUM(E88:AC88) -> 0 | AH88: =AE88+AF88 -> 0 | AJ88: =AH88+AI88 -> 0
A89: Production add M- 4 | AE89: =SUM(E89:AC89) -> 0 | AH89: =AE89+AF89 -> 0 | AJ89: =AH89+AI89 -> 0
A90: Production add M- 4 | AE90: =SUM(E90:AC90) -> 0 | AH90: =AE90+AF90 -> 0 | AJ90: =AH90+AI90 -> 0
A91: Production add M- 4 | AE91: =SUM(E91:AC91) -> 0 | AH91: =AE91+AF91 -> 0 | AJ91: =AH91+AI91 -> 0
A92: Production add M- 4 | AE92: =SUM(E92:AC92) -> 0 | AH92: =AE92+AF92 -> 0 | AJ92: =AH92+AI92 -> 0
A93: Production add M- 4 | AE93: =SUM(E93:AC93) -> 0 | AH93: =AE93+AF93 -> 0 | AJ93: =AH93+AI93 -> 0
A94: Production add M- 4 | AE94: =SUM(E94:AC94) -> 0 | AH94: =AE94+AF94 -> 0 | AJ94: =AH94+AI94 -> 0
A95: Production add M- 4 | AE95: =SUM(E95:AC95) -> 0 | AH95: =AE95+AF95 -> 0 | AJ95: =AH95+AI95 -> 0
A96: Production add M- 4 | AE96: =SUM(E96:AC96) -> 0 | AH96: =AE96+AF96 -> 0 | AJ96: =AH96+AI96 -> 0
A97: Production add M- 4 | AE97: =SUM(E97:AC97) -> 0 | AH97: =AE97+AF97 -> 0 | AJ97: =AH97+AI97 -> 0
A98: Production add M- 4 | AE98: =SUM(E98:AC98) -> 0 | AH98: =AE98+AF98 -> 0 | AJ98: =AH98+AI98 -> 0
A99: Production add M- 4 | AE99: =SUM(E99:AC99) -> 0 | AH99: =AE99+AF99 -> 0 | AJ99: =AH99+AI99 -> 0
A100: Production add M- 4 | AE100: =SUM(E100:AC100) -> 0 | AH100: =AE100+AF100 -> 0 | AJ100: =AH100+AI100 -> 0 | AK100: Big Chair | AL100: Table | AM100: Total Pro
A101: Production add M- 4 | AE101: =SUM(E101:AC101) -> 0 | AH101: =AE101+AF101 -> 0 | AJ101: =AH101+AI101 -> 0 | AK101: Big Chair | AL101: Table | AM101: Total Pro
A102: Production add M- 4 | AE102: =SUM(E102:AC102) -> 0 | AH102: =AE102+AF102 -> 0 | AJ102: =AH102+AI102 -> 0 | AK102: Big Chair | AL102: Table | AM102: Total Pro
A103: Production add M- 4 | AE103: =SUM(E103:AC103) -> 0 | AH103: =AE103+AF103 -> 0 | AJ103: =AH103+AI103 -> 0 | AK103: Big Chair | AL103: Table | AM103: Total Pro
A104: Production add M- 4 | AE104: =SUM(E104:AC104) -> 0 | AH104: =AE104+AF104 -> 0 | AJ104: =AH104+AI104 -> 0 | AK104: Big Chair | AL104: Table | AM104: Total Pro
A105: Production add M- 4 | AE105: =SUM(E105:AC105) -> 0 | AH105: =AE105+AF105 -> 0 | AJ105: =AH105+AI105 -> 0 | AK105: Big Chair | AL105: Table | AM105: Total Pro
A106: Production add M- 4 | AE106: =SUM(E106:AC106) -> 0 | AH106: =AE106+AF106 -> 0 | AJ106: =AH106+AI106 -> 0 | AK106: Big Chair | AL106: Table | AM106: Total Pro
A107: Production add M- 4 | AE107: =SUM(E107:AC107) -> 0 | AH107: =AE107+AF107 -> 0 | AJ107: =AH107+AI107 -> 0 | AK107: Big Chair | AL107: Table | AM107: Total Pro
A108: Production add M- 4 | AE108: =SUM(E108:AC108) -> 0 | AH108: =AE108+AF108 -> 0 | AJ108: =AH108+AI108 -> 0 | AK108: Big Chair | AL108: Table | AM108: Total Pro
A109: Production add M- 4 | AE109: =SUM(E109:AC109) -> 0 | AH109: =AE109+AF109 -> 0 | AJ109: =AH109+AI109 -> 0 | AK109: Big Chair | AL109: Table | AM109: Total Pro
A110: Production add M- 4 | AE110: =SUM(E110:AC110) -> 0 | AH110: =AE110+AF110 -> 0 | AJ110: =AH110+AI110 -> 0 | AK110: Big Chair | AL110: Table | AM110: Total Pro
A111: Production add M- 4 | AE111: =SUM(E111:AC111) -> 0 | AH111: =AE111+AF111 -> 0 | AJ111: =AH111+AI111 -> 0 | AK111: Big Chair | AL111: Table | AM111: Total Pro
A112: Production add M- 4 | AE112: =SUM(E112:AC112) -> 0 | AH112: =AE112+AF112 -> 0 | AJ112: =AH112+AI112 -> 0 | AK112: Big Chair | AL112: Table | AM112: Total Pro
